<?xml version="1.0" encoding="UTF-8"?>
<!-- edited with XMLSpy v2007 rel. 3 (http://www.altova.com) by Swati Kulkarni (HCL Technologies Limited) -->
<!--Sample XML file generated by XMLSpy v2007 (http://www.altova.com)-->
<mrk:ProcessInternalOrder releaseID="9" xmlns:mrk="http://www.merck.com/oagis/9" xmlns:oa="http://www.openapplications.org/oagis/9" xmlns:xsi="http://www.w3.org/2001/XMLSchema-instance" xsi:schemaLocation="http://www.merck.com/oagis/9 ../BODs/Developer/ProcessInternalOrder.xsd">
	<oa:ApplicationArea>
		<oa:Sender>
			<oa:LogicalID/>
			<oa:ComponentID/>
			<oa:TaskID/>
			<oa:ReferenceID/>
			<oa:ConfirmationCode/>
			<oa:AuthorizationID/>
		</oa:Sender>
		<oa:CreationDateTime>2007-08-31</oa:CreationDateTime>
		<oa:Signature/>
		<oa:BODID/>
		<oa:UserArea/>
	</oa:ApplicationArea>
	<mrk:DataArea>
		<oa:Process>
			<oa:ActionCriteria>
				<oa:ActionExpression actionCode="Add"/>
			</oa:ActionCriteria>
		</oa:Process>
		<mrk:InternalOrder>
			<!--No ProjectReference-->
			<mrk:InternalOrderHeader>
				<oa:DocumentID>
					<oa:ID>ORDER</oa:ID>
				</oa:DocumentID>
				<oa:DocumentDateTime>1967-08-13</oa:DocumentDateTime>
				<oa:Description>ORDER_NAME</oa:Description>
				<oa:DocumentReference type="ExternalOrder or use ProjectReference">
					<oa:DocumentID>
						<oa:ID>normalizedString</oa:ID>
					</oa:DocumentID>
				</oa:DocumentReference>
				<oa:DocumentReference type="RequestOrder">
					<oa:DocumentID>
						<oa:ID>normalizedString</oa:ID>
					</oa:DocumentID>
				</oa:DocumentReference>
				<oa:Status>
					<oa:Code>PHASE0,1,2,3</oa:Code>
				</oa:Status>
				<mrk:OrderType>ORDER_TYPE</mrk:OrderType>
				<oa:EnterpriseUnit>
					<oa:CostCenterID>CCTR_POSTED</oa:CostCenterID>
					<oa:ProfitCenterID>PROFIT_CTR</oa:ProfitCenterID>
					<oa:GLEntityID>COMP_CODE</oa:GLEntityID>
					<oa:GLElement>
						<oa:Element sequence="1">WBS_ELEMENT or in ProjectReference</oa:Element>
					</oa:GLElement>
					<oa:UserArea>
						<mrk:EnterpriseUnitUserArea>
							<mrk:ControllingAreaID/>
							<mrk:BusinessAreaID/>
							<mrk:FunctionalAreaCode name=""/>
							<oa:Facility>
								<oa:IDs>
									<oa:ID/>
								</oa:IDs>
							</oa:Facility>
							<mrk:MrkEnterpriseUnit type="ACTUAL">
								<mrk:ControllingAreaID/>
								<oa:CostCenterID/>
								<mrk:BusinessAreaID/>
								<oa:GLEntityID/>
								<oa:ProfitCenterID/>
								<oa:ID/>
								<mrk:FunctionalAreaCode/>
							</mrk:MrkEnterpriseUnit>
						</mrk:EnterpriseUnitUserArea>
					</oa:UserArea>
				</oa:EnterpriseUnit>
				<oa:EnterpriseUnit>
					<oa:CostCenterID>REQUEST_CCTR</oa:CostCenterID>
					<oa:GLEntityID>REQU_COMP_CODE</oa:GLEntityID>
					<oa:UserArea>
						<mrk:EnterpriseUnitUserArea type="Requested"/>
					</oa:UserArea>
				</oa:EnterpriseUnit>
				<oa:EnterpriseUnit>
					<oa:CostCenterID>RESPCCTR</oa:CostCenterID>
					<oa:UserArea>
						<mrk:EnterpriseUnitUserArea type="Responsible"/>
					</oa:UserArea>
				</oa:EnterpriseUnit>
				<oa:SalesOrderReference>
					<oa:DocumentID>
						<oa:ID>SALES_ORD</oa:ID>
					</oa:DocumentID>
					<oa:LineNumber>S_ORD_ITEM</oa:LineNumber>
				</oa:SalesOrderReference>
				<oa:TaxJurisdicationCodes>
					<oa:Code>TAXJURCODE</oa:Code>
				</oa:TaxJurisdicationCodes>
				<oa:CurrencyCode>CURRENCY</oa:CurrencyCode>
				<oa:TransactionAnalysisCode>normalizedString</oa:TransactionAnalysisCode>
				<oa:OriginatorParty>
					<oa:Contact type="InChargeUser">
						<oa:ID>IN_CHARGE_USER</oa:ID>
					</oa:Contact>
					<oa:Contact type="ResponsibleUser">
						<oa:Name>PERSON_RESP</oa:Name>
						<oa:Communication>
							<oa:ChannelCode>Telephone</oa:ChannelCode>
							<oa:DialNumber>PERSON_RESP_PHONE</oa:DialNumber>
						</oa:Communication>
					</oa:Contact>
					<oa:Contact type="Applicant">
						<oa:ID/>
						<oa:Name>APPLICANT_NAME</oa:Name>
						<oa:Communication>
							<oa:ChannelCode>Telephone</oa:ChannelCode>
							<oa:DialNumber>APPLICANT_PHONE</oa:DialNumber>
						</oa:Communication>
					</oa:Contact>
				</oa:OriginatorParty>
				<oa:Distribution>
					<oa:Percentage>10</oa:Percentage>
					<oa:Amount currencyID="USD">10</oa:Amount>
					<oa:EnterpriseUnit>
						<oa:CostCenterID/>
						<oa:ProfitCenterID/>
						<oa:GLEntityID/>
						<oa:GLElement>
							<oa:Element sequence="1"/>
						</oa:GLElement>
						<oa:UserArea>
							<mrk:EnterpriseUnitUserArea>
								<mrk:ControllingAreaID/>
								<mrk:BusinessAreaID/>
								<mrk:FunctionalAreaCode/>
								<oa:Facility>
									<oa:IDs>
										<oa:ID/>
									</oa:IDs>
									<oa:Name/>
									<oa:Description/>
									<oa:Note/>
								</oa:Facility>
							</mrk:EnterpriseUnitUserArea>
						</oa:UserArea>
					</oa:EnterpriseUnit>
					<oa:UserArea>
						<mrk:DistributionUserArea>
							<oa:AccountType/>
						</mrk:DistributionUserArea>
					</oa:UserArea>
				</oa:Distribution>
				<oa:EstimatedAmount currencyID="USD">12</oa:EstimatedAmount>
				<oa:BudgetedAmount currencyID="USD">12</oa:BudgetedAmount>
				<oa:AccruedAmount currencyID="USD">12</oa:AccruedAmount>
				<oa:WorkTimePeriod>
					<!--Or in ProjectReference-->
					<oa:StartDateTime>1967-08-13</oa:StartDateTime>
					<oa:EndDateTime>1967-08-13</oa:EndDateTime>
				</oa:WorkTimePeriod>
				<oa:DepartmentName>String</oa:DepartmentName>
				<mrk:WorkPermitIssued>true</mrk:WorkPermitIssued>
				<mrk:ProcessingGroupID>normalizedString</mrk:ProcessingGroupID>
				<mrk:PlannedReleaseDateTime>1967-08-13</mrk:PlannedReleaseDateTime>
				<mrk:PlannedCompletionDateTime>1967-08-13</mrk:PlannedCompletionDateTime>
				<mrk:PlannedClosingDateTime>1967-08-13</mrk:PlannedClosingDateTime>
			</mrk:InternalOrderHeader>
			<mrk:InternalOrderLine>
				<oa:LineNumber>1</oa:LineNumber>
				<oa:Description>Line 1 description</oa:Description>
				<oa:Note>String</oa:Note>
				<oa:DocumentReference type="token">
					<oa:DocumentID>
						<oa:ID>normalizedString</oa:ID>
						<oa:RevisionID>normalizedString</oa:RevisionID>
						<oa:VariationID>normalizedString</oa:VariationID>
					</oa:DocumentID>
					<oa:AlternateDocumentID>
						<oa:ID>normalizedString</oa:ID>
						<oa:RevisionID>normalizedString</oa:RevisionID>
						<oa:VariationID>normalizedString</oa:VariationID>
					</oa:AlternateDocumentID>
					<oa:DocumentDateTime>1967-08-13</oa:DocumentDateTime>
					<oa:Description>String</oa:Description>
					<oa:Note>String</oa:Note>
					<oa:StatusCode>normalizedString</oa:StatusCode>
					<oa:UserArea>
						<mrk:DocumentReferenceUserArea>
							<oa:LineNumber>normalizedString</oa:LineNumber>
						</mrk:DocumentReferenceUserArea>
					</oa:UserArea>
				</oa:DocumentReference>
				<oa:Attachment>
					<oa:EmbeddedData mimeCode="normalizedString">UjBsR09EbGhjZ0dTQUxNQUFBUUNBRU1tQ1p0dU1GUXhEUzhi</oa:EmbeddedData>
					<oa:DocumentDateTime>1967-08-13</oa:DocumentDateTime>
					<oa:Description>String</oa:Description>
					<oa:Note>String</oa:Note>
					<oa:FileType>normalizedString</oa:FileType>
					<oa:FileSizeQuantity>0.0</oa:FileSizeQuantity>
					<oa:Title>String</oa:Title>
					<oa:UserArea/>
				</oa:Attachment>
				<oa:Status>
					<oa:Code>normalizedString</oa:Code>
					<oa:Description>String</oa:Description>
					<oa:EffectiveDateTime>1967-08-13</oa:EffectiveDateTime>
					<oa:ReasonCode>normalizedString</oa:ReasonCode>
					<oa:Reason>String</oa:Reason>
					<oa:TimePeriod>
						<oa:StartDateTime>1967-08-13</oa:StartDateTime>
						<oa:Duration>P1Y2M3DT10H30M0S</oa:Duration>
					</oa:TimePeriod>
					<oa:UserArea/>
				</oa:Status>
				<oa:TotalAmount currencyID="USD">34.23</oa:TotalAmount>
			</mrk:InternalOrderLine>
		</mrk:InternalOrder>
		<mrk:InternalOrder>
			<!--Using A ProjectReference-->
			<mrk:InternalOrderHeader>
				<oa:DocumentID>
					<oa:ID>ORDER</oa:ID>
				</oa:DocumentID>
				<oa:DocumentDateTime>1967-08-13</oa:DocumentDateTime>
				<oa:Description>ORDER_NAME</oa:Description>
				<oa:DocumentReference type="RequestOrder">
					<oa:DocumentID>
						<oa:ID>normalizedString</oa:ID>
					</oa:DocumentID>
				</oa:DocumentReference>
				<oa:Status>
					<oa:Code>PHASE0,1,2,3</oa:Code>
				</oa:Status>
				<mrk:OrderType>ORDER_TYPE</mrk:OrderType>
				<oa:EnterpriseUnit>
					<oa:CostCenterID>CCTR_POSTED</oa:CostCenterID>
					<oa:ProfitCenterID>PROFIT_CTR</oa:ProfitCenterID>
					<oa:GLEntityID>COMP_CODE</oa:GLEntityID>
					<oa:UserArea>
						<mrk:EnterpriseUnitUserArea>
							<mrk:ControllingAreaID/>
							<mrk:BusinessAreaID/>
							<mrk:FunctionalAreaCode/>
							<oa:Facility/>
							<mrk:MrkEnterpriseUnit type="ACTUAL">
								<mrk:ControllingAreaID/>
								<oa:ProfitCenterID/>
								<oa:ID/>
								<mrk:FunctionalAreaCode/>
							</mrk:MrkEnterpriseUnit>
						</mrk:EnterpriseUnitUserArea>
					</oa:UserArea>
				</oa:EnterpriseUnit>
				<oa:EnterpriseUnit>
					<oa:CostCenterID>REQUEST_CCTR</oa:CostCenterID>
					<oa:GLEntityID>REQU_COMP_CODE</oa:GLEntityID>
					<oa:UserArea>
						<mrk:EnterpriseUnitUserArea type="Requested"/>
					</oa:UserArea>
				</oa:EnterpriseUnit>
				<oa:EnterpriseUnit>
					<oa:CostCenterID>RESPCCTR</oa:CostCenterID>
					<oa:UserArea>
						<mrk:EnterpriseUnitUserArea type="Responsible"/>
					</oa:UserArea>
				</oa:EnterpriseUnit>
				<oa:SalesOrderReference>
					<oa:DocumentID>
						<oa:ID>SALES_ORD</oa:ID>
					</oa:DocumentID>
					<oa:LineNumber>S_ORD_ITEM</oa:LineNumber>
				</oa:SalesOrderReference>
				<oa:TaxJurisdicationCodes>
					<oa:Code>TAXJURCODE</oa:Code>
				</oa:TaxJurisdicationCodes>
				<oa:CurrencyCode>CURRENCY</oa:CurrencyCode>
				<oa:ProjectReference>
					<oa:ID>ExternalOrder or use DocumentReference</oa:ID>
					<oa:TimePeriod>
						<oa:StartDateTime>1967-08-13</oa:StartDateTime>
						<oa:EndDateTime>1967-08-13</oa:EndDateTime>
					</oa:TimePeriod>
					<oa:ActivityID>WBS Element</oa:ActivityID>
				</oa:ProjectReference>
				<oa:TransactionAnalysisCode>normalizedString</oa:TransactionAnalysisCode>
				<oa:OriginatorParty>
					<oa:Contact type="InChargeUser">
						<oa:ID>IN_CHARGE_USER</oa:ID>
					</oa:Contact>
					<oa:Contact type="ResponsibleUser">
						<oa:Name>PERSON_RESP</oa:Name>
						<oa:Communication>
							<oa:ChannelCode>Telephone</oa:ChannelCode>
							<oa:DialNumber>PERSON_RESP_PHONE</oa:DialNumber>
						</oa:Communication>
					</oa:Contact>
					<oa:Contact type="Applicant">
						<oa:ID/>
						<oa:Name>APPLICANT_NAME</oa:Name>
						<oa:Communication>
							<oa:ChannelCode>Telephone</oa:ChannelCode>
							<oa:DialNumber>APPLICANT_PHONE</oa:DialNumber>
						</oa:Communication>
					</oa:Contact>
				</oa:OriginatorParty>
				<oa:Distribution>
					<oa:Percentage>10</oa:Percentage>
					<oa:Amount currencyID="USD">10</oa:Amount>
					<oa:EnterpriseUnit>
						<oa:CostCenterID/>
						<oa:ProfitCenterID/>
						<oa:GLEntityID/>
						<oa:GLElement>
							<oa:Element sequence="1"/>
						</oa:GLElement>
						<oa:UserArea>
							<mrk:EnterpriseUnitUserArea>
								<mrk:ControllingAreaID/>
								<mrk:BusinessAreaID/>
								<mrk:FunctionalAreaCode/>
								<oa:Facility>
									<oa:IDs>
										<oa:ID/>
									</oa:IDs>
									<oa:Name/>
									<oa:Description/>
									<oa:Note/>
								</oa:Facility>
							</mrk:EnterpriseUnitUserArea>
						</oa:UserArea>
					</oa:EnterpriseUnit>
					<oa:UserArea>
						<mrk:DistributionUserArea>
							<oa:AccountType/>
							<mrk:SettlementType/>
						</mrk:DistributionUserArea>
					</oa:UserArea>
				</oa:Distribution>
				<oa:EstimatedAmount currencyID="USD">12</oa:EstimatedAmount>
				<oa:BudgetedAmount currencyID="USD">12</oa:BudgetedAmount>
				<oa:AccruedAmount currencyID="USD">12</oa:AccruedAmount>
				<oa:DepartmentName>String</oa:DepartmentName>
				<mrk:WorkPermitIssued>true</mrk:WorkPermitIssued>
				<mrk:ProcessingGroupID>normalizedString</mrk:ProcessingGroupID>
				<mrk:PlannedReleaseDateTime>1967-08-13</mrk:PlannedReleaseDateTime>
				<mrk:PlannedCompletionDateTime>1967-08-13</mrk:PlannedCompletionDateTime>
				<mrk:PlannedClosingDateTime>1967-08-13</mrk:PlannedClosingDateTime>
			</mrk:InternalOrderHeader>
			<mrk:InternalOrderLine>
				<oa:LineNumber>1</oa:LineNumber>
				<oa:Description>Line 1 description</oa:Description>
				<oa:Note>String</oa:Note>
				<oa:DocumentReference type="token">
					<oa:DocumentID>
						<oa:ID>normalizedString</oa:ID>
						<oa:RevisionID>normalizedString</oa:RevisionID>
						<oa:VariationID>normalizedString</oa:VariationID>
					</oa:DocumentID>
					<oa:AlternateDocumentID>
						<oa:ID>normalizedString</oa:ID>
						<oa:RevisionID>normalizedString</oa:RevisionID>
						<oa:VariationID>normalizedString</oa:VariationID>
					</oa:AlternateDocumentID>
					<oa:DocumentDateTime>1967-08-13</oa:DocumentDateTime>
					<oa:Description>String</oa:Description>
					<oa:Note>String</oa:Note>
					<oa:StatusCode>normalizedString</oa:StatusCode>
					<oa:UserArea>
						<mrk:DocumentReferenceUserArea>
							<oa:LineNumber>normalizedString</oa:LineNumber>
						</mrk:DocumentReferenceUserArea>
					</oa:UserArea>
				</oa:DocumentReference>
				<oa:Attachment>
					<oa:EmbeddedData mimeCode="normalizedString">UjBsR09EbGhjZ0dTQUxNQUFBUUNBRU1tQ1p0dU1GUXhEUzhi</oa:EmbeddedData>
					<oa:DocumentDateTime>1967-08-13</oa:DocumentDateTime>
					<oa:Description>String</oa:Description>
					<oa:Note>String</oa:Note>
					<oa:FileType>normalizedString</oa:FileType>
					<oa:FileSizeQuantity>0.0</oa:FileSizeQuantity>
					<oa:Title>String</oa:Title>
					<oa:UserArea/>
				</oa:Attachment>
				<oa:Status>
					<oa:Code>normalizedString</oa:Code>
					<oa:Description>String</oa:Description>
					<oa:EffectiveDateTime>1967-08-13</oa:EffectiveDateTime>
					<oa:ReasonCode>normalizedString</oa:ReasonCode>
					<oa:Reason>String</oa:Reason>
					<oa:TimePeriod>
						<oa:StartDateTime>1967-08-13</oa:StartDateTime>
						<oa:Duration>P1Y2M3DT10H30M0S</oa:Duration>
					</oa:TimePeriod>
					<oa:UserArea/>
				</oa:Status>
				<oa:TotalAmount currencyID="USD">34.23</oa:TotalAmount>
			</mrk:InternalOrderLine>
		</mrk:InternalOrder>
	</mrk:DataArea>
</mrk:ProcessInternalOrder>
