<?xml version="1.0" encoding="UTF-8"?>
<!--Sample XML file generated by XMLSpy v2007 rel. 3 (http://www.altova.com)-->
<mrk:ShowInternalOrder systemEnvironmentCode="Production" releaseID="normalizedString" versionID="normalizedString" languageCode="en-US" xsi:schemaLocation="http://www.merck.com/oagis/9 ../BODs/Developer/ShowInternalOrder.xsd" xmlns:mrk="http://www.merck.com/oagis/9" xmlns:oa="http://www.openapplications.org/oagis/9" xmlns:xsi="http://www.w3.org/2001/XMLSchema-instance">
	<oa:ApplicationArea>
		<oa:Sender>
			<oa:LogicalID schemeID="normalizedString" schemeAgencyName="String" schemeAgencyID="normalizedString" schemeURI="http://www.altova.com" schemeName="String" schemeVersionID="normalizedString" schemeDataURI="http://www.altova.com">normalizedString</oa:LogicalID>
			<oa:ComponentID schemeID="normalizedString" schemeAgencyName="String" schemeAgencyID="normalizedString" schemeURI="http://www.altova.com" schemeName="String" schemeVersionID="normalizedString" schemeDataURI="http://www.altova.com">normalizedString</oa:ComponentID>
			<oa:TaskID schemeID="normalizedString" schemeAgencyName="String" schemeAgencyID="normalizedString" schemeURI="http://www.altova.com" schemeName="String" schemeVersionID="normalizedString" schemeDataURI="http://www.altova.com">normalizedString</oa:TaskID>
			<oa:ReferenceID schemeID="normalizedString" schemeAgencyName="String" schemeAgencyID="normalizedString" schemeURI="http://www.altova.com" schemeName="String" schemeVersionID="normalizedString" schemeDataURI="http://www.altova.com">normalizedString</oa:ReferenceID>
			<oa:ConfirmationCode listID="normalizedString" listSchemeURI="http://www.altova.com" listVersionID="normalizedString" listName="String" name="String" listURI="http://www.altova.com" listAgencyName="String" listAgencyID="normalizedString" languageID="en-us">Always</oa:ConfirmationCode>
			<oa:AuthorizationID schemeID="normalizedString" schemeAgencyName="String" schemeAgencyID="normalizedString" schemeURI="http://www.altova.com" schemeName="String" schemeVersionID="normalizedString" schemeDataURI="http://www.altova.com">normalizedString</oa:AuthorizationID>
		</oa:Sender>
		<oa:CreationDateTime>1967-08-13</oa:CreationDateTime>
		<oa:Signature qualifyingAgencyId="normalizedString"/>
		<oa:BODID schemeID="normalizedString" schemeAgencyName="String" schemeAgencyID="normalizedString" schemeURI="http://www.altova.com" schemeName="String" schemeVersionID="normalizedString" schemeDataURI="http://www.altova.com">normalizedString</oa:BODID>
		<oa:UserArea/>
	</oa:ApplicationArea>
	<mrk:DataArea>
		<oa:Show recordSetTotal="2" recordSetCount="2" recordSetReferenceId="normalizedString" recordSetCompleteIndicator="true" recordSetStartNumber="2">
			<oa:OriginalApplicationArea>
				<oa:Sender>
					<oa:LogicalID schemeID="normalizedString" schemeAgencyName="String" schemeAgencyID="normalizedString" schemeURI="http://www.altova.com" schemeName="String" schemeVersionID="normalizedString" schemeDataURI="http://www.altova.com">normalizedString</oa:LogicalID>
					<oa:ComponentID schemeID="normalizedString" schemeAgencyName="String" schemeAgencyID="normalizedString" schemeURI="http://www.altova.com" schemeName="String" schemeVersionID="normalizedString" schemeDataURI="http://www.altova.com">normalizedString</oa:ComponentID>
					<oa:TaskID schemeID="normalizedString" schemeAgencyName="String" schemeAgencyID="normalizedString" schemeURI="http://www.altova.com" schemeName="String" schemeVersionID="normalizedString" schemeDataURI="http://www.altova.com">normalizedString</oa:TaskID>
					<oa:ReferenceID schemeID="normalizedString" schemeAgencyName="String" schemeAgencyID="normalizedString" schemeURI="http://www.altova.com" schemeName="String" schemeVersionID="normalizedString" schemeDataURI="http://www.altova.com">normalizedString</oa:ReferenceID>
					<oa:ConfirmationCode listID="normalizedString" listSchemeURI="http://www.altova.com" listVersionID="normalizedString" listName="String" name="String" listURI="http://www.altova.com" listAgencyName="String" listAgencyID="normalizedString" languageID="en-us">Always</oa:ConfirmationCode>
					<oa:AuthorizationID schemeID="normalizedString" schemeAgencyName="String" schemeAgencyID="normalizedString" schemeURI="http://www.altova.com" schemeName="String" schemeVersionID="normalizedString" schemeDataURI="http://www.altova.com">normalizedString</oa:AuthorizationID>
				</oa:Sender>
				<oa:CreationDateTime>1967-08-13</oa:CreationDateTime>
				<oa:Signature qualifyingAgencyId="normalizedString"/>
				<oa:BODID schemeID="normalizedString" schemeAgencyName="String" schemeAgencyID="normalizedString" schemeURI="http://www.altova.com" schemeName="String" schemeVersionID="normalizedString" schemeDataURI="http://www.altova.com">normalizedString</oa:BODID>
				<oa:UserArea/>
			</oa:OriginalApplicationArea>
			<oa:ResponseCriteria>
				<oa:ResponseExpression expressionLanguage="token" actionCode="Always">token</oa:ResponseExpression>
				<oa:ChangeStatus>
					<oa:Code listID="normalizedString" listSchemeURI="http://www.altova.com" listVersionID="normalizedString" listName="String" name="String" listURI="http://www.altova.com" listAgencyName="String" listAgencyID="normalizedString" languageID="en-us">normalizedString</oa:Code>
					<oa:Description languageID="en-us">String</oa:Description>
					<oa:EffectiveDateTime>1967-08-13</oa:EffectiveDateTime>
					<oa:ReasonCode listID="normalizedString" listSchemeURI="http://www.altova.com" listVersionID="normalizedString" listName="String" name="String" listURI="http://www.altova.com" listAgencyName="String" listAgencyID="normalizedString" languageID="en-us">normalizedString</oa:ReasonCode>
					<oa:Reason languageID="en-us">String</oa:Reason>
					<oa:StateChange>
						<oa:FromStateCode listID="normalizedString" listSchemeURI="http://www.altova.com" listVersionID="normalizedString" listName="String" name="String" listURI="http://www.altova.com" listAgencyName="String" listAgencyID="normalizedString" languageID="en-us">normalizedString</oa:FromStateCode>
						<oa:ToStateCode listID="normalizedString" listSchemeURI="http://www.altova.com" listVersionID="normalizedString" listName="String" name="String" listURI="http://www.altova.com" listAgencyName="String" listAgencyID="normalizedString" languageID="en-us">normalizedString</oa:ToStateCode>
						<oa:ChangeDateTime>1967-08-13</oa:ChangeDateTime>
						<oa:Description languageID="en-us">String</oa:Description>
						<oa:Note author="String" entryDateTime="1967-08-13" status="String" languageID="en-us">String</oa:Note>
						<oa:UserArea/>
					</oa:StateChange>
					<oa:UserArea/>
				</oa:ChangeStatus>
			</oa:ResponseCriteria>
		</oa:Show>
		<mrk:InternalOrder>
			<mrk:InternalOrderHeader>
				<oa:DocumentID agencyRole="text">
					<oa:ID schemeID="normalizedString" schemeAgencyName="String" schemeAgencyID="normalizedString" schemeURI="http://www.altova.com" schemeName="String" schemeVersionID="normalizedString" schemeDataURI="http://www.altova.com">normalizedString</oa:ID>
					<oa:RevisionID schemeID="normalizedString" schemeAgencyName="String" schemeAgencyID="normalizedString" schemeURI="http://www.altova.com" schemeName="String" schemeVersionID="normalizedString" schemeDataURI="http://www.altova.com">normalizedString</oa:RevisionID>
					<oa:VariationID schemeID="normalizedString" schemeAgencyName="String" schemeAgencyID="normalizedString" schemeURI="http://www.altova.com" schemeName="String" schemeVersionID="normalizedString" schemeDataURI="http://www.altova.com">normalizedString</oa:VariationID>
				</oa:DocumentID>
				<oa:AlternateDocumentID agencyRole="text">
					<oa:ID schemeID="normalizedString" schemeAgencyName="String" schemeAgencyID="normalizedString" schemeURI="http://www.altova.com" schemeName="String" schemeVersionID="normalizedString" schemeDataURI="http://www.altova.com">normalizedString</oa:ID>
					<oa:RevisionID schemeID="normalizedString" schemeAgencyName="String" schemeAgencyID="normalizedString" schemeURI="http://www.altova.com" schemeName="String" schemeVersionID="normalizedString" schemeDataURI="http://www.altova.com">normalizedString</oa:RevisionID>
					<oa:VariationID schemeID="normalizedString" schemeAgencyName="String" schemeAgencyID="normalizedString" schemeURI="http://www.altova.com" schemeName="String" schemeVersionID="normalizedString" schemeDataURI="http://www.altova.com">normalizedString</oa:VariationID>
				</oa:AlternateDocumentID>
				<oa:LastModificationDateTime>1967-08-13</oa:LastModificationDateTime>
				<oa:DocumentDateTime>1967-08-13</oa:DocumentDateTime>
				<oa:Description languageID="en-us">String</oa:Description>
				<oa:Note author="String" entryDateTime="1967-08-13" status="String" languageID="en-us">String</oa:Note>
				<oa:DocumentReference type="token">
					<oa:DocumentID agencyRole="text">
						<oa:ID schemeID="normalizedString" schemeAgencyName="String" schemeAgencyID="normalizedString" schemeURI="http://www.altova.com" schemeName="String" schemeVersionID="normalizedString" schemeDataURI="http://www.altova.com">normalizedString</oa:ID>
						<oa:RevisionID schemeID="normalizedString" schemeAgencyName="String" schemeAgencyID="normalizedString" schemeURI="http://www.altova.com" schemeName="String" schemeVersionID="normalizedString" schemeDataURI="http://www.altova.com">normalizedString</oa:RevisionID>
						<oa:VariationID schemeID="normalizedString" schemeAgencyName="String" schemeAgencyID="normalizedString" schemeURI="http://www.altova.com" schemeName="String" schemeVersionID="normalizedString" schemeDataURI="http://www.altova.com">normalizedString</oa:VariationID>
					</oa:DocumentID>
					<oa:AlternateDocumentID agencyRole="text">
						<oa:ID schemeID="normalizedString" schemeAgencyName="String" schemeAgencyID="normalizedString" schemeURI="http://www.altova.com" schemeName="String" schemeVersionID="normalizedString" schemeDataURI="http://www.altova.com">normalizedString</oa:ID>
						<oa:RevisionID schemeID="normalizedString" schemeAgencyName="String" schemeAgencyID="normalizedString" schemeURI="http://www.altova.com" schemeName="String" schemeVersionID="normalizedString" schemeDataURI="http://www.altova.com">normalizedString</oa:RevisionID>
						<oa:VariationID schemeID="normalizedString" schemeAgencyName="String" schemeAgencyID="normalizedString" schemeURI="http://www.altova.com" schemeName="String" schemeVersionID="normalizedString" schemeDataURI="http://www.altova.com">normalizedString</oa:VariationID>
					</oa:AlternateDocumentID>
					<oa:DocumentDateTime>1967-08-13</oa:DocumentDateTime>
					<oa:Description languageID="en-us">String</oa:Description>
					<oa:Note author="String" entryDateTime="1967-08-13" status="String" languageID="en-us">String</oa:Note>
					<oa:StatusCode listID="normalizedString" listSchemeURI="http://www.altova.com" listVersionID="normalizedString" listName="String" name="String" listURI="http://www.altova.com" listAgencyName="String" listAgencyID="normalizedString" languageID="en-us">normalizedString</oa:StatusCode>
					<oa:UserArea/>
				</oa:DocumentReference>
				<oa:Attachment type="normalizedString" inline="false">
					<oa:EmbeddedData format="String" uri="http://www.altova.com" mimeCode="normalizedString" characterSetCode="normalizedString" encodingCode="normalizedString" filename="String">UjBsR09EbGhjZ0dTQUxNQUFBUUNBRU1tQ1p0dU1GUXhEUzhi</oa:EmbeddedData>
					<oa:DocumentDateTime>1967-08-13</oa:DocumentDateTime>
					<oa:Description languageID="en-us">String</oa:Description>
					<oa:Note author="String" entryDateTime="1967-08-13" status="String" languageID="en-us">String</oa:Note>
					<oa:FileType listID="normalizedString" listSchemeURI="http://www.altova.com" listVersionID="normalizedString" listName="String" name="String" listURI="http://www.altova.com" listAgencyName="String" listAgencyID="normalizedString" languageID="en-us">normalizedString</oa:FileType>
					<oa:FileSizeQuantity unitCode="normalizedString">0.0</oa:FileSizeQuantity>
					<oa:Title languageID="en-us">String</oa:Title>
					<oa:UserArea/>
				</oa:Attachment>
				<oa:Status>
					<oa:Code listID="normalizedString" listSchemeURI="http://www.altova.com" listVersionID="normalizedString" listName="String" name="String" listURI="http://www.altova.com" listAgencyName="String" listAgencyID="normalizedString" languageID="en-us">normalizedString</oa:Code>
					<oa:Description languageID="en-us">String</oa:Description>
					<oa:EffectiveDateTime>1967-08-13</oa:EffectiveDateTime>
					<oa:ReasonCode listID="normalizedString" listSchemeURI="http://www.altova.com" listVersionID="normalizedString" listName="String" name="String" listURI="http://www.altova.com" listAgencyName="String" listAgencyID="normalizedString" languageID="en-us">normalizedString</oa:ReasonCode>
					<oa:Reason languageID="en-us">String</oa:Reason>
					<oa:TimePeriod>
						<oa:StartDateTime>1967-08-13</oa:StartDateTime>
						<oa:Duration>P1Y2M3DT10H30M0S</oa:Duration>
					</oa:TimePeriod>
					<oa:UserArea/>
				</oa:Status>
				<oa:EnterpriseUnit>
					<oa:CostCenterID schemeID="normalizedString" schemeAgencyName="String" schemeAgencyID="normalizedString" schemeURI="http://www.altova.com" schemeName="String" schemeVersionID="normalizedString" schemeDataURI="http://www.altova.com">normalizedString</oa:CostCenterID>
					<oa:ProfitCenterID schemeID="normalizedString" schemeAgencyName="String" schemeAgencyID="normalizedString" schemeURI="http://www.altova.com" schemeName="String" schemeVersionID="normalizedString" schemeDataURI="http://www.altova.com">normalizedString</oa:ProfitCenterID>
					<oa:GLEntityID schemeID="normalizedString" schemeAgencyName="String" schemeAgencyID="normalizedString" schemeURI="http://www.altova.com" schemeName="String" schemeVersionID="normalizedString" schemeDataURI="http://www.altova.com">normalizedString</oa:GLEntityID>
					<oa:GLElement>
						<oa:Element sequence="2" sequenceName="normalizedString" languageID="en-us">String</oa:Element>
					</oa:GLElement>
					<oa:UserArea/>
				</oa:EnterpriseUnit>
				<oa:SalesOrderReference>
					<oa:DocumentID agencyRole="text">
						<oa:ID schemeID="normalizedString" schemeAgencyName="String" schemeAgencyID="normalizedString" schemeURI="http://www.altova.com" schemeName="String" schemeVersionID="normalizedString" schemeDataURI="http://www.altova.com">normalizedString</oa:ID>
						<oa:RevisionID schemeID="normalizedString" schemeAgencyName="String" schemeAgencyID="normalizedString" schemeURI="http://www.altova.com" schemeName="String" schemeVersionID="normalizedString" schemeDataURI="http://www.altova.com">normalizedString</oa:RevisionID>
						<oa:VariationID schemeID="normalizedString" schemeAgencyName="String" schemeAgencyID="normalizedString" schemeURI="http://www.altova.com" schemeName="String" schemeVersionID="normalizedString" schemeDataURI="http://www.altova.com">normalizedString</oa:VariationID>
					</oa:DocumentID>
					<oa:AlternateDocumentID agencyRole="text">
						<oa:ID schemeID="normalizedString" schemeAgencyName="String" schemeAgencyID="normalizedString" schemeURI="http://www.altova.com" schemeName="String" schemeVersionID="normalizedString" schemeDataURI="http://www.altova.com">normalizedString</oa:ID>
						<oa:RevisionID schemeID="normalizedString" schemeAgencyName="String" schemeAgencyID="normalizedString" schemeURI="http://www.altova.com" schemeName="String" schemeVersionID="normalizedString" schemeDataURI="http://www.altova.com">normalizedString</oa:RevisionID>
						<oa:VariationID schemeID="normalizedString" schemeAgencyName="String" schemeAgencyID="normalizedString" schemeURI="http://www.altova.com" schemeName="String" schemeVersionID="normalizedString" schemeDataURI="http://www.altova.com">normalizedString</oa:VariationID>
					</oa:AlternateDocumentID>
					<oa:DocumentDateTime>1967-08-13</oa:DocumentDateTime>
					<oa:Description languageID="en-us">String</oa:Description>
					<oa:Note author="String" entryDateTime="1967-08-13" status="String" languageID="en-us">String</oa:Note>
					<oa:StatusCode listID="normalizedString" listSchemeURI="http://www.altova.com" listVersionID="normalizedString" listName="String" name="String" listURI="http://www.altova.com" listAgencyName="String" listAgencyID="normalizedString" languageID="en-us">normalizedString</oa:StatusCode>
					<oa:ReleaseNumber schemeID="normalizedString" schemeAgencyName="String" schemeAgencyID="normalizedString" schemeURI="http://www.altova.com" schemeName="String" schemeVersionID="normalizedString" schemeDataURI="http://www.altova.com">normalizedString</oa:ReleaseNumber>
					<oa:LineNumber schemeID="normalizedString" schemeAgencyName="String" schemeAgencyID="normalizedString" schemeURI="http://www.altova.com" schemeName="String" schemeVersionID="normalizedString" schemeDataURI="http://www.altova.com">normalizedString</oa:LineNumber>
					<oa:ScheduleLineNumber schemeID="normalizedString" schemeAgencyName="String" schemeAgencyID="normalizedString" schemeURI="http://www.altova.com" schemeName="String" schemeVersionID="normalizedString" schemeDataURI="http://www.altova.com">normalizedString</oa:ScheduleLineNumber>
					<oa:SubLineNumber schemeID="normalizedString" schemeAgencyName="String" schemeAgencyID="normalizedString" schemeURI="http://www.altova.com" schemeName="String" schemeVersionID="normalizedString" schemeDataURI="http://www.altova.com">normalizedString</oa:SubLineNumber>
					<oa:UserArea/>
				</oa:SalesOrderReference>
				<oa:TaxJurisdicationCodes>
					<oa:Code listID="normalizedString" listSchemeURI="http://www.altova.com" listVersionID="normalizedString" listName="String" name="String" listURI="http://www.altova.com" listAgencyName="String" listAgencyID="normalizedString" languageID="en-us">normalizedString</oa:Code>
				</oa:TaxJurisdicationCodes>
				<oa:CurrencyCode listID="normalizedString" listSchemeURI="http://www.altova.com" listVersionID="normalizedString" listName="String" name="String" listURI="http://www.altova.com" listAgencyName="String" listAgencyID="normalizedString" languageID="en-us">AED</oa:CurrencyCode>
				<oa:ProjectReference type="normalizedString">
					<oa:ID schemeID="normalizedString" schemeAgencyName="String" schemeAgencyID="normalizedString" schemeURI="http://www.altova.com" schemeName="String" schemeVersionID="normalizedString" schemeDataURI="http://www.altova.com">normalizedString</oa:ID>
					<oa:ResourceCodes>
						<oa:Code listID="normalizedString" sequence="2" sequenceName="normalizedString" listSchemeURI="http://www.altova.com" listVersionID="normalizedString" listName="String" name="String" listURI="http://www.altova.com" listAgencyName="String" listAgencyID="normalizedString" languageID="en-us">normalizedString</oa:Code>
					</oa:ResourceCodes>
					<oa:Description languageID="en-us">String</oa:Description>
					<oa:Amount currencyID="AED">0.0</oa:Amount>
					<oa:Location type="normalizedString">
						<oa:ID schemeID="normalizedString" schemeAgencyName="String" schemeAgencyID="normalizedString" schemeURI="http://www.altova.com" schemeName="String" schemeVersionID="normalizedString" schemeDataURI="http://www.altova.com">normalizedString</oa:ID>
						<oa:Name languageID="en-us">String</oa:Name>
						<oa:Directions languageID="en-us">String</oa:Directions>
						<oa:Coordinate>
							<oa:Latitude>
								<oa:DegreeMeasure unitCode="normalizedString">0.0</oa:DegreeMeasure>
								<oa:MinuteMeasure unitCode="normalizedString">0.0</oa:MinuteMeasure>
								<oa:SecondMeasure unitCode="normalizedString">0.0</oa:SecondMeasure>
								<oa:DirectionCode listID="normalizedString" listSchemeURI="http://www.altova.com" listVersionID="normalizedString" listName="String" name="String" listURI="http://www.altova.com" listAgencyName="String" listAgencyID="normalizedString" languageID="en-us">normalizedString</oa:DirectionCode>
							</oa:Latitude>
							<oa:Longitude>
								<oa:DegreeMeasure unitCode="normalizedString">0.0</oa:DegreeMeasure>
								<oa:MinuteMeasure unitCode="normalizedString">0.0</oa:MinuteMeasure>
								<oa:SecondMeasure unitCode="normalizedString">0.0</oa:SecondMeasure>
								<oa:DirectionCode listID="normalizedString" listSchemeURI="http://www.altova.com" listVersionID="normalizedString" listName="String" name="String" listURI="http://www.altova.com" listAgencyName="String" listAgencyID="normalizedString" languageID="en-us">normalizedString</oa:DirectionCode>
							</oa:Longitude>
							<oa:AltitudeMeasure unitCode="normalizedString">0.0</oa:AltitudeMeasure>
							<oa:UserArea/>
						</oa:Coordinate>
						<oa:Address languageCode="normalizedString">
							<oa:ID schemeID="normalizedString" schemeAgencyName="String" schemeAgencyID="normalizedString" schemeURI="http://www.altova.com" schemeName="String" schemeVersionID="normalizedString" schemeDataURI="http://www.altova.com">normalizedString</oa:ID>
							<oa:FormatCode listID="normalizedString" listSchemeURI="http://www.altova.com" listVersionID="normalizedString" listName="String" name="String" listURI="http://www.altova.com" listAgencyName="String" listAgencyID="normalizedString" languageID="en-us">normalizedString</oa:FormatCode>
							<oa:AttentionOfName languageID="en-us">String</oa:AttentionOfName>
							<oa:CareOfName languageID="en-us">String</oa:CareOfName>
							<oa:AddressLine sequence="2" sequenceName="normalizedString" languageID="en-us">String</oa:AddressLine>
							<oa:CitySubDivisionName languageID="en-us">String</oa:CitySubDivisionName>
							<oa:CityName languageID="en-us">String</oa:CityName>
							<oa:CountrySubDivisionCode listID="normalizedString" listSchemeURI="http://www.altova.com" listVersionID="normalizedString" listName="String" name="String" listURI="http://www.altova.com" listAgencyName="String" listAgencyID="normalizedString" languageID="en-us">normalizedString</oa:CountrySubDivisionCode>
							<oa:CountryCode listID="normalizedString" listSchemeURI="http://www.altova.com" listVersionID="normalizedString" listName="String" name="String" listURI="http://www.altova.com" listAgencyName="String" listAgencyID="normalizedString" languageID="en-us">normalizedString</oa:CountryCode>
							<oa:PostalCode listID="normalizedString" listSchemeURI="http://www.altova.com" listVersionID="normalizedString" listName="String" name="String" listURI="http://www.altova.com" listAgencyName="String" listAgencyID="normalizedString" languageID="en-us">normalizedString</oa:PostalCode>
							<oa:Status>
								<oa:Code listID="normalizedString" listSchemeURI="http://www.altova.com" listVersionID="normalizedString" listName="String" name="String" listURI="http://www.altova.com" listAgencyName="String" listAgencyID="normalizedString" languageID="en-us">normalizedString</oa:Code>
								<oa:Description languageID="en-us">String</oa:Description>
								<oa:EffectiveDateTime>1967-08-13</oa:EffectiveDateTime>
								<oa:ReasonCode listID="normalizedString" listSchemeURI="http://www.altova.com" listVersionID="normalizedString" listName="String" name="String" listURI="http://www.altova.com" listAgencyName="String" listAgencyID="normalizedString" languageID="en-us">normalizedString</oa:ReasonCode>
								<oa:Reason languageID="en-us">String</oa:Reason>
								<oa:TimePeriod>
									<oa:StartDateTime>1967-08-13</oa:StartDateTime>
									<oa:Duration>P1Y2M3DT10H30M0S</oa:Duration>
								</oa:TimePeriod>
								<oa:UserArea/>
							</oa:Status>
							<oa:Preference>
								<oa:Sequence>2</oa:Sequence>
								<oa:Indicator>true</oa:Indicator>
								<oa:EffectiveTimePeriod>
									<oa:StartDateTime>1967-08-13</oa:StartDateTime>
									<oa:Duration>P1Y2M3DT10H30M0S</oa:Duration>
								</oa:EffectiveTimePeriod>
								<oa:UserArea/>
							</oa:Preference>
							<oa:UserArea/>
						</oa:Address>
						<oa:Description languageID="en-us">String</oa:Description>
						<oa:Note author="String" entryDateTime="1967-08-13" status="String" languageID="en-us">String</oa:Note>
						<oa:UserArea/>
					</oa:Location>
					<oa:TimePeriod>
						<oa:StartDateTime>1967-08-13</oa:StartDateTime>
						<oa:Duration>P1Y2M3DT10H30M0S</oa:Duration>
					</oa:TimePeriod>
					<oa:ActivityID schemeID="normalizedString" schemeAgencyName="String" schemeAgencyID="normalizedString" schemeURI="http://www.altova.com" schemeName="String" schemeVersionID="normalizedString" schemeDataURI="http://www.altova.com">normalizedString</oa:ActivityID>
					<oa:UserArea/>
				</oa:ProjectReference>
				<oa:SourceDocumentReference type="token">
					<oa:DocumentID agencyRole="text">
						<oa:ID schemeID="normalizedString" schemeAgencyName="String" schemeAgencyID="normalizedString" schemeURI="http://www.altova.com" schemeName="String" schemeVersionID="normalizedString" schemeDataURI="http://www.altova.com">normalizedString</oa:ID>
						<oa:RevisionID schemeID="normalizedString" schemeAgencyName="String" schemeAgencyID="normalizedString" schemeURI="http://www.altova.com" schemeName="String" schemeVersionID="normalizedString" schemeDataURI="http://www.altova.com">normalizedString</oa:RevisionID>
						<oa:VariationID schemeID="normalizedString" schemeAgencyName="String" schemeAgencyID="normalizedString" schemeURI="http://www.altova.com" schemeName="String" schemeVersionID="normalizedString" schemeDataURI="http://www.altova.com">normalizedString</oa:VariationID>
					</oa:DocumentID>
					<oa:AlternateDocumentID agencyRole="text">
						<oa:ID schemeID="normalizedString" schemeAgencyName="String" schemeAgencyID="normalizedString" schemeURI="http://www.altova.com" schemeName="String" schemeVersionID="normalizedString" schemeDataURI="http://www.altova.com">normalizedString</oa:ID>
						<oa:RevisionID schemeID="normalizedString" schemeAgencyName="String" schemeAgencyID="normalizedString" schemeURI="http://www.altova.com" schemeName="String" schemeVersionID="normalizedString" schemeDataURI="http://www.altova.com">normalizedString</oa:RevisionID>
						<oa:VariationID schemeID="normalizedString" schemeAgencyName="String" schemeAgencyID="normalizedString" schemeURI="http://www.altova.com" schemeName="String" schemeVersionID="normalizedString" schemeDataURI="http://www.altova.com">normalizedString</oa:VariationID>
					</oa:AlternateDocumentID>
					<oa:DocumentDateTime>1967-08-13</oa:DocumentDateTime>
					<oa:Description languageID="en-us">String</oa:Description>
					<oa:Note author="String" entryDateTime="1967-08-13" status="String" languageID="en-us">String</oa:Note>
					<oa:StatusCode listID="normalizedString" listSchemeURI="http://www.altova.com" listVersionID="normalizedString" listName="String" name="String" listURI="http://www.altova.com" listAgencyName="String" listAgencyID="normalizedString" languageID="en-us">normalizedString</oa:StatusCode>
					<oa:UserArea/>
				</oa:SourceDocumentReference>
				<oa:TransactionAnalysisCode listID="normalizedString" listSchemeURI="http://www.altova.com" listVersionID="normalizedString" listName="String" name="String" listURI="http://www.altova.com" listAgencyName="String" listAgencyID="normalizedString" languageID="en-us">normalizedString</oa:TransactionAnalysisCode>
				<oa:OriginatorParty category="Organization">
					<oa:PartyIDs>
						<oa:ID schemeID="normalizedString" schemeAgencyName="String" schemeAgencyID="normalizedString" schemeURI="http://www.altova.com" schemeName="String" schemeVersionID="normalizedString" schemeDataURI="http://www.altova.com">normalizedString</oa:ID>
						<oa:TaxID schemeID="normalizedString" schemeAgencyName="String" schemeAgencyID="normalizedString" schemeURI="http://www.altova.com" schemeName="String" schemeVersionID="normalizedString" schemeDataURI="http://www.altova.com">normalizedString</oa:TaxID>
						<oa:DUNSID schemeID="normalizedString" schemeAgencyName="String" schemeAgencyID="normalizedString" schemeURI="http://www.altova.com" schemeName="String" schemeVersionID="normalizedString" schemeDataURI="http://www.altova.com">normalizedString</oa:DUNSID>
						<oa:CAGEID schemeID="normalizedString" schemeAgencyName="String" schemeAgencyID="normalizedString" schemeURI="http://www.altova.com" schemeName="String" schemeVersionID="normalizedString" schemeDataURI="http://www.altova.com">normalizedString</oa:CAGEID>
						<oa:DODAACID schemeID="normalizedString" schemeAgencyName="String" schemeAgencyID="normalizedString" schemeURI="http://www.altova.com" schemeName="String" schemeVersionID="normalizedString" schemeDataURI="http://www.altova.com">normalizedString</oa:DODAACID>
						<oa:BICID schemeID="normalizedString" schemeAgencyName="String" schemeAgencyID="normalizedString" schemeURI="http://www.altova.com" schemeName="String" schemeVersionID="normalizedString" schemeDataURI="http://www.altova.com">normalizedString</oa:BICID>
					</oa:PartyIDs>
					<oa:Name languageID="en-us">String</oa:Name>
					<oa:Location type="normalizedString">
						<oa:ID schemeID="normalizedString" schemeAgencyName="String" schemeAgencyID="normalizedString" schemeURI="http://www.altova.com" schemeName="String" schemeVersionID="normalizedString" schemeDataURI="http://www.altova.com">normalizedString</oa:ID>
						<oa:Name languageID="en-us">String</oa:Name>
						<oa:Directions languageID="en-us">String</oa:Directions>
						<oa:Coordinate>
							<oa:Latitude>
								<oa:DegreeMeasure unitCode="normalizedString">0.0</oa:DegreeMeasure>
								<oa:MinuteMeasure unitCode="normalizedString">0.0</oa:MinuteMeasure>
								<oa:SecondMeasure unitCode="normalizedString">0.0</oa:SecondMeasure>
								<oa:DirectionCode listID="normalizedString" listSchemeURI="http://www.altova.com" listVersionID="normalizedString" listName="String" name="String" listURI="http://www.altova.com" listAgencyName="String" listAgencyID="normalizedString" languageID="en-us">normalizedString</oa:DirectionCode>
							</oa:Latitude>
							<oa:Longitude>
								<oa:DegreeMeasure unitCode="normalizedString">0.0</oa:DegreeMeasure>
								<oa:MinuteMeasure unitCode="normalizedString">0.0</oa:MinuteMeasure>
								<oa:SecondMeasure unitCode="normalizedString">0.0</oa:SecondMeasure>
								<oa:DirectionCode listID="normalizedString" listSchemeURI="http://www.altova.com" listVersionID="normalizedString" listName="String" name="String" listURI="http://www.altova.com" listAgencyName="String" listAgencyID="normalizedString" languageID="en-us">normalizedString</oa:DirectionCode>
							</oa:Longitude>
							<oa:AltitudeMeasure unitCode="normalizedString">0.0</oa:AltitudeMeasure>
							<oa:UserArea/>
						</oa:Coordinate>
						<oa:Address languageCode="normalizedString">
							<oa:ID schemeID="normalizedString" schemeAgencyName="String" schemeAgencyID="normalizedString" schemeURI="http://www.altova.com" schemeName="String" schemeVersionID="normalizedString" schemeDataURI="http://www.altova.com">normalizedString</oa:ID>
							<oa:FormatCode listID="normalizedString" listSchemeURI="http://www.altova.com" listVersionID="normalizedString" listName="String" name="String" listURI="http://www.altova.com" listAgencyName="String" listAgencyID="normalizedString" languageID="en-us">normalizedString</oa:FormatCode>
							<oa:AttentionOfName languageID="en-us">String</oa:AttentionOfName>
							<oa:CareOfName languageID="en-us">String</oa:CareOfName>
							<oa:AddressLine sequence="2" sequenceName="normalizedString" languageID="en-us">String</oa:AddressLine>
							<oa:CitySubDivisionName languageID="en-us">String</oa:CitySubDivisionName>
							<oa:CityName languageID="en-us">String</oa:CityName>
							<oa:CountrySubDivisionCode listID="normalizedString" listSchemeURI="http://www.altova.com" listVersionID="normalizedString" listName="String" name="String" listURI="http://www.altova.com" listAgencyName="String" listAgencyID="normalizedString" languageID="en-us">normalizedString</oa:CountrySubDivisionCode>
							<oa:CountryCode listID="normalizedString" listSchemeURI="http://www.altova.com" listVersionID="normalizedString" listName="String" name="String" listURI="http://www.altova.com" listAgencyName="String" listAgencyID="normalizedString" languageID="en-us">normalizedString</oa:CountryCode>
							<oa:PostalCode listID="normalizedString" listSchemeURI="http://www.altova.com" listVersionID="normalizedString" listName="String" name="String" listURI="http://www.altova.com" listAgencyName="String" listAgencyID="normalizedString" languageID="en-us">normalizedString</oa:PostalCode>
							<oa:Status>
								<oa:Code listID="normalizedString" listSchemeURI="http://www.altova.com" listVersionID="normalizedString" listName="String" name="String" listURI="http://www.altova.com" listAgencyName="String" listAgencyID="normalizedString" languageID="en-us">normalizedString</oa:Code>
								<oa:Description languageID="en-us">String</oa:Description>
								<oa:EffectiveDateTime>1967-08-13</oa:EffectiveDateTime>
								<oa:ReasonCode listID="normalizedString" listSchemeURI="http://www.altova.com" listVersionID="normalizedString" listName="String" name="String" listURI="http://www.altova.com" listAgencyName="String" listAgencyID="normalizedString" languageID="en-us">normalizedString</oa:ReasonCode>
								<oa:Reason languageID="en-us">String</oa:Reason>
								<oa:TimePeriod>
									<oa:StartDateTime>1967-08-13</oa:StartDateTime>
									<oa:Duration>P1Y2M3DT10H30M0S</oa:Duration>
								</oa:TimePeriod>
								<oa:UserArea/>
							</oa:Status>
							<oa:Preference>
								<oa:Sequence>2</oa:Sequence>
								<oa:Indicator>true</oa:Indicator>
								<oa:EffectiveTimePeriod>
									<oa:StartDateTime>1967-08-13</oa:StartDateTime>
									<oa:Duration>P1Y2M3DT10H30M0S</oa:Duration>
								</oa:EffectiveTimePeriod>
								<oa:UserArea/>
							</oa:Preference>
							<oa:UserArea/>
						</oa:Address>
						<oa:Description languageID="en-us">String</oa:Description>
						<oa:Note author="String" entryDateTime="1967-08-13" status="String" languageID="en-us">String</oa:Note>
						<oa:UserArea/>
					</oa:Location>
					<oa:Contact type="normalizedString" languageCode="normalizedString">
						<oa:ID schemeID="normalizedString" schemeAgencyName="String" schemeAgencyID="normalizedString" schemeURI="http://www.altova.com" schemeName="String" schemeVersionID="normalizedString" schemeDataURI="http://www.altova.com">normalizedString</oa:ID>
						<oa:Name languageID="en-us">String</oa:Name>
						<oa:JobTitle languageID="en-us">String</oa:JobTitle>
						<oa:Responsibility languageID="en-us">String</oa:Responsibility>
						<oa:DepartmentName languageID="en-us">String</oa:DepartmentName>
						<oa:Communication sequence="2" preferredIndicator="true">
							<oa:ChannelCode listID="normalizedString" listSchemeURI="http://www.altova.com" listVersionID="normalizedString" listName="String" name="String" listURI="http://www.altova.com" listAgencyName="String" listAgencyID="normalizedString" languageID="en-us">normalizedString</oa:ChannelCode>
							<oa:UseCode listID="normalizedString" listSchemeURI="http://www.altova.com" listVersionID="normalizedString" listName="String" name="String" listURI="http://www.altova.com" listAgencyName="String" listAgencyID="normalizedString" languageID="en-us">normalizedString</oa:UseCode>
							<oa:CountryDialing languageID="en-us">String</oa:CountryDialing>
							<oa:AreaDialing languageID="en-us">String</oa:AreaDialing>
							<oa:DialNumber languageID="en-us">String</oa:DialNumber>
							<oa:Extension languageID="en-us">String</oa:Extension>
							<oa:Access languageID="en-us">String</oa:Access>
							<oa:Preference>
								<oa:Sequence>2</oa:Sequence>
								<oa:Indicator>true</oa:Indicator>
								<oa:EffectiveTimePeriod>
									<oa:StartDateTime>1967-08-13</oa:StartDateTime>
									<oa:Duration>P1Y2M3DT10H30M0S</oa:Duration>
								</oa:EffectiveTimePeriod>
								<oa:UserArea/>
							</oa:Preference>
							<oa:UserArea/>
						</oa:Communication>
						<oa:Preference>
							<oa:Sequence>2</oa:Sequence>
							<oa:Indicator>true</oa:Indicator>
							<oa:EffectiveTimePeriod>
								<oa:StartDateTime>1967-08-13</oa:StartDateTime>
								<oa:Duration>P1Y2M3DT10H30M0S</oa:Duration>
							</oa:EffectiveTimePeriod>
							<oa:UserArea/>
						</oa:Preference>
						<oa:UserArea/>
					</oa:Contact>
					<oa:UserArea/>
				</oa:OriginatorParty>
				<oa:Distribution>
					<oa:LedgerID schemeID="normalizedString" schemeAgencyName="String" schemeAgencyID="normalizedString" schemeURI="http://www.altova.com" schemeName="String" schemeVersionID="normalizedString" schemeDataURI="http://www.altova.com">normalizedString</oa:LedgerID>
					<oa:Percentage>0.0</oa:Percentage>
					<oa:Quantity unitCode="normalizedString">0.0</oa:Quantity>
					<oa:Amount currencyID="AED">0.0</oa:Amount>
					<oa:GLNominalAccount>normalizedString</oa:GLNominalAccount>
					<oa:GLElement>
						<oa:Element sequence="2" sequenceName="normalizedString" languageID="en-us">String</oa:Element>
					</oa:GLElement>
					<oa:EnterpriseUnit>
						<oa:CostCenterID schemeID="normalizedString" schemeAgencyName="String" schemeAgencyID="normalizedString" schemeURI="http://www.altova.com" schemeName="String" schemeVersionID="normalizedString" schemeDataURI="http://www.altova.com">normalizedString</oa:CostCenterID>
						<oa:ProfitCenterID schemeID="normalizedString" schemeAgencyName="String" schemeAgencyID="normalizedString" schemeURI="http://www.altova.com" schemeName="String" schemeVersionID="normalizedString" schemeDataURI="http://www.altova.com">normalizedString</oa:ProfitCenterID>
						<oa:GLEntityID schemeID="normalizedString" schemeAgencyName="String" schemeAgencyID="normalizedString" schemeURI="http://www.altova.com" schemeName="String" schemeVersionID="normalizedString" schemeDataURI="http://www.altova.com">normalizedString</oa:GLEntityID>
						<oa:GLElement>
							<oa:Element sequence="2" sequenceName="normalizedString" languageID="en-us">String</oa:Element>
						</oa:GLElement>
						<oa:UserArea/>
					</oa:EnterpriseUnit>
					<oa:ProjectReference type="normalizedString">
						<oa:ID schemeID="normalizedString" schemeAgencyName="String" schemeAgencyID="normalizedString" schemeURI="http://www.altova.com" schemeName="String" schemeVersionID="normalizedString" schemeDataURI="http://www.altova.com">normalizedString</oa:ID>
						<oa:ResourceCodes>
							<oa:Code listID="normalizedString" sequence="2" sequenceName="normalizedString" listSchemeURI="http://www.altova.com" listVersionID="normalizedString" listName="String" name="String" listURI="http://www.altova.com" listAgencyName="String" listAgencyID="normalizedString" languageID="en-us">normalizedString</oa:Code>
						</oa:ResourceCodes>
						<oa:Description languageID="en-us">String</oa:Description>
						<oa:Amount currencyID="AED">0.0</oa:Amount>
						<oa:Location type="normalizedString">
							<oa:ID schemeID="normalizedString" schemeAgencyName="String" schemeAgencyID="normalizedString" schemeURI="http://www.altova.com" schemeName="String" schemeVersionID="normalizedString" schemeDataURI="http://www.altova.com">normalizedString</oa:ID>
							<oa:Name languageID="en-us">String</oa:Name>
							<oa:Directions languageID="en-us">String</oa:Directions>
							<oa:Coordinate>
								<oa:Latitude>
									<oa:DegreeMeasure unitCode="normalizedString">0.0</oa:DegreeMeasure>
									<oa:MinuteMeasure unitCode="normalizedString">0.0</oa:MinuteMeasure>
									<oa:SecondMeasure unitCode="normalizedString">0.0</oa:SecondMeasure>
									<oa:DirectionCode listID="normalizedString" listSchemeURI="http://www.altova.com" listVersionID="normalizedString" listName="String" name="String" listURI="http://www.altova.com" listAgencyName="String" listAgencyID="normalizedString" languageID="en-us">normalizedString</oa:DirectionCode>
								</oa:Latitude>
								<oa:Longitude>
									<oa:DegreeMeasure unitCode="normalizedString">0.0</oa:DegreeMeasure>
									<oa:MinuteMeasure unitCode="normalizedString">0.0</oa:MinuteMeasure>
									<oa:SecondMeasure unitCode="normalizedString">0.0</oa:SecondMeasure>
									<oa:DirectionCode listID="normalizedString" listSchemeURI="http://www.altova.com" listVersionID="normalizedString" listName="String" name="String" listURI="http://www.altova.com" listAgencyName="String" listAgencyID="normalizedString" languageID="en-us">normalizedString</oa:DirectionCode>
								</oa:Longitude>
								<oa:AltitudeMeasure unitCode="normalizedString">0.0</oa:AltitudeMeasure>
								<oa:UserArea/>
							</oa:Coordinate>
							<oa:Address languageCode="normalizedString">
								<oa:ID schemeID="normalizedString" schemeAgencyName="String" schemeAgencyID="normalizedString" schemeURI="http://www.altova.com" schemeName="String" schemeVersionID="normalizedString" schemeDataURI="http://www.altova.com">normalizedString</oa:ID>
								<oa:FormatCode listID="normalizedString" listSchemeURI="http://www.altova.com" listVersionID="normalizedString" listName="String" name="String" listURI="http://www.altova.com" listAgencyName="String" listAgencyID="normalizedString" languageID="en-us">normalizedString</oa:FormatCode>
								<oa:AttentionOfName languageID="en-us">String</oa:AttentionOfName>
								<oa:CareOfName languageID="en-us">String</oa:CareOfName>
								<oa:AddressLine sequence="2" sequenceName="normalizedString" languageID="en-us">String</oa:AddressLine>
								<oa:CitySubDivisionName languageID="en-us">String</oa:CitySubDivisionName>
								<oa:CityName languageID="en-us">String</oa:CityName>
								<oa:CountrySubDivisionCode listID="normalizedString" listSchemeURI="http://www.altova.com" listVersionID="normalizedString" listName="String" name="String" listURI="http://www.altova.com" listAgencyName="String" listAgencyID="normalizedString" languageID="en-us">normalizedString</oa:CountrySubDivisionCode>
								<oa:CountryCode listID="normalizedString" listSchemeURI="http://www.altova.com" listVersionID="normalizedString" listName="String" name="String" listURI="http://www.altova.com" listAgencyName="String" listAgencyID="normalizedString" languageID="en-us">normalizedString</oa:CountryCode>
								<oa:PostalCode listID="normalizedString" listSchemeURI="http://www.altova.com" listVersionID="normalizedString" listName="String" name="String" listURI="http://www.altova.com" listAgencyName="String" listAgencyID="normalizedString" languageID="en-us">normalizedString</oa:PostalCode>
								<oa:Status>
									<oa:Code listID="normalizedString" listSchemeURI="http://www.altova.com" listVersionID="normalizedString" listName="String" name="String" listURI="http://www.altova.com" listAgencyName="String" listAgencyID="normalizedString" languageID="en-us">normalizedString</oa:Code>
									<oa:Description languageID="en-us">String</oa:Description>
									<oa:EffectiveDateTime>1967-08-13</oa:EffectiveDateTime>
									<oa:ReasonCode listID="normalizedString" listSchemeURI="http://www.altova.com" listVersionID="normalizedString" listName="String" name="String" listURI="http://www.altova.com" listAgencyName="String" listAgencyID="normalizedString" languageID="en-us">normalizedString</oa:ReasonCode>
									<oa:Reason languageID="en-us">String</oa:Reason>
									<oa:TimePeriod>
										<oa:StartDateTime>1967-08-13</oa:StartDateTime>
										<oa:Duration>P1Y2M3DT10H30M0S</oa:Duration>
									</oa:TimePeriod>
									<oa:UserArea/>
								</oa:Status>
								<oa:Preference>
									<oa:Sequence>2</oa:Sequence>
									<oa:Indicator>true</oa:Indicator>
									<oa:EffectiveTimePeriod>
										<oa:StartDateTime>1967-08-13</oa:StartDateTime>
										<oa:Duration>P1Y2M3DT10H30M0S</oa:Duration>
									</oa:EffectiveTimePeriod>
									<oa:UserArea/>
								</oa:Preference>
								<oa:UserArea/>
							</oa:Address>
							<oa:Description languageID="en-us">String</oa:Description>
							<oa:Note author="String" entryDateTime="1967-08-13" status="String" languageID="en-us">String</oa:Note>
							<oa:UserArea/>
						</oa:Location>
						<oa:TimePeriod>
							<oa:StartDateTime>1967-08-13</oa:StartDateTime>
							<oa:Duration>P1Y2M3DT10H30M0S</oa:Duration>
						</oa:TimePeriod>
						<oa:ActivityID schemeID="normalizedString" schemeAgencyName="String" schemeAgencyID="normalizedString" schemeURI="http://www.altova.com" schemeName="String" schemeVersionID="normalizedString" schemeDataURI="http://www.altova.com">normalizedString</oa:ActivityID>
						<oa:UserArea/>
					</oa:ProjectReference>
					<oa:UserArea/>
				</oa:Distribution>
				<oa:EstimatedAmount currencyID="AED">0.0</oa:EstimatedAmount>
				<oa:BudgetedAmount currencyID="AED">0.0</oa:BudgetedAmount>
				<oa:AccruedAmount currencyID="AED">0.0</oa:AccruedAmount>
				<oa:WorkTimePeriod>
					<oa:StartDateTime>1967-08-13</oa:StartDateTime>
					<oa:Duration>P1Y2M3DT10H30M0S</oa:Duration>
				</oa:WorkTimePeriod>
				<oa:DepartmentName languageID="en-us">String</oa:DepartmentName>
				<oa:UserArea>
					<mrk:InternalOrderHeaderUserArea>
						<mrk:OrderType></mrk:OrderType>
						<mrk:ProcessingGroupID></mrk:ProcessingGroupID>
						<mrk:InterestProfile></mrk:InterestProfile>
					</mrk:InternalOrderHeaderUserArea>
				</oa:UserArea>
			</mrk:InternalOrderHeader>
			<mrk:InternalOrderLine>
				<oa:LineNumber schemeID="normalizedString" schemeAgencyName="String" schemeAgencyID="normalizedString" schemeURI="http://www.altova.com" schemeName="String" schemeVersionID="normalizedString" schemeDataURI="http://www.altova.com">normalizedString</oa:LineNumber>
				<oa:Description languageID="en-us">String</oa:Description>
				<oa:Note author="String" entryDateTime="1967-08-13" status="String" languageID="en-us">String</oa:Note>
				<oa:DocumentReference type="token">
					<oa:DocumentID agencyRole="text">
						<oa:ID schemeID="normalizedString" schemeAgencyName="String" schemeAgencyID="normalizedString" schemeURI="http://www.altova.com" schemeName="String" schemeVersionID="normalizedString" schemeDataURI="http://www.altova.com">normalizedString</oa:ID>
						<oa:RevisionID schemeID="normalizedString" schemeAgencyName="String" schemeAgencyID="normalizedString" schemeURI="http://www.altova.com" schemeName="String" schemeVersionID="normalizedString" schemeDataURI="http://www.altova.com">normalizedString</oa:RevisionID>
						<oa:VariationID schemeID="normalizedString" schemeAgencyName="String" schemeAgencyID="normalizedString" schemeURI="http://www.altova.com" schemeName="String" schemeVersionID="normalizedString" schemeDataURI="http://www.altova.com">normalizedString</oa:VariationID>
					</oa:DocumentID>
					<oa:AlternateDocumentID agencyRole="text">
						<oa:ID schemeID="normalizedString" schemeAgencyName="String" schemeAgencyID="normalizedString" schemeURI="http://www.altova.com" schemeName="String" schemeVersionID="normalizedString" schemeDataURI="http://www.altova.com">normalizedString</oa:ID>
						<oa:RevisionID schemeID="normalizedString" schemeAgencyName="String" schemeAgencyID="normalizedString" schemeURI="http://www.altova.com" schemeName="String" schemeVersionID="normalizedString" schemeDataURI="http://www.altova.com">normalizedString</oa:RevisionID>
						<oa:VariationID schemeID="normalizedString" schemeAgencyName="String" schemeAgencyID="normalizedString" schemeURI="http://www.altova.com" schemeName="String" schemeVersionID="normalizedString" schemeDataURI="http://www.altova.com">normalizedString</oa:VariationID>
					</oa:AlternateDocumentID>
					<oa:DocumentDateTime>1967-08-13</oa:DocumentDateTime>
					<oa:Description languageID="en-us">String</oa:Description>
					<oa:Note author="String" entryDateTime="1967-08-13" status="String" languageID="en-us">String</oa:Note>
					<oa:StatusCode listID="normalizedString" listSchemeURI="http://www.altova.com" listVersionID="normalizedString" listName="String" name="String" listURI="http://www.altova.com" listAgencyName="String" listAgencyID="normalizedString" languageID="en-us">normalizedString</oa:StatusCode>
					<oa:UserArea/>
				</oa:DocumentReference>
				<oa:Attachment type="normalizedString" inline="false">
					<oa:EmbeddedData format="String" uri="http://www.altova.com" mimeCode="normalizedString" characterSetCode="normalizedString" encodingCode="normalizedString" filename="String">UjBsR09EbGhjZ0dTQUxNQUFBUUNBRU1tQ1p0dU1GUXhEUzhi</oa:EmbeddedData>
					<oa:DocumentDateTime>1967-08-13</oa:DocumentDateTime>
					<oa:Description languageID="en-us">String</oa:Description>
					<oa:Note author="String" entryDateTime="1967-08-13" status="String" languageID="en-us">String</oa:Note>
					<oa:FileType listID="normalizedString" listSchemeURI="http://www.altova.com" listVersionID="normalizedString" listName="String" name="String" listURI="http://www.altova.com" listAgencyName="String" listAgencyID="normalizedString" languageID="en-us">normalizedString</oa:FileType>
					<oa:FileSizeQuantity unitCode="normalizedString">0.0</oa:FileSizeQuantity>
					<oa:Title languageID="en-us">String</oa:Title>
					<oa:UserArea/>
				</oa:Attachment>
				<oa:Status>
					<oa:Code listID="normalizedString" listSchemeURI="http://www.altova.com" listVersionID="normalizedString" listName="String" name="String" listURI="http://www.altova.com" listAgencyName="String" listAgencyID="normalizedString" languageID="en-us">normalizedString</oa:Code>
					<oa:Description languageID="en-us">String</oa:Description>
					<oa:EffectiveDateTime>1967-08-13</oa:EffectiveDateTime>
					<oa:ReasonCode listID="normalizedString" listSchemeURI="http://www.altova.com" listVersionID="normalizedString" listName="String" name="String" listURI="http://www.altova.com" listAgencyName="String" listAgencyID="normalizedString" languageID="en-us">normalizedString</oa:ReasonCode>
					<oa:Reason languageID="en-us">String</oa:Reason>
					<oa:TimePeriod>
						<oa:StartDateTime>1967-08-13</oa:StartDateTime>
						<oa:Duration>P1Y2M3DT10H30M0S</oa:Duration>
					</oa:TimePeriod>
					<oa:UserArea/>
				</oa:Status>
				<oa:Item>
					<oa:ItemID agencyRole="text">
						<oa:ID schemeID="normalizedString" schemeAgencyName="String" schemeAgencyID="normalizedString" schemeURI="http://www.altova.com" schemeName="String" schemeVersionID="normalizedString" schemeDataURI="http://www.altova.com">normalizedString</oa:ID>
						<oa:RevisionID schemeID="normalizedString" schemeAgencyName="String" schemeAgencyID="normalizedString" schemeURI="http://www.altova.com" schemeName="String" schemeVersionID="normalizedString" schemeDataURI="http://www.altova.com">normalizedString</oa:RevisionID>
						<oa:VariationID schemeID="normalizedString" schemeAgencyName="String" schemeAgencyID="normalizedString" schemeURI="http://www.altova.com" schemeName="String" schemeVersionID="normalizedString" schemeDataURI="http://www.altova.com">normalizedString</oa:VariationID>
					</oa:ItemID>
					<oa:CustomerItemID agencyRole="text">
						<oa:ID schemeID="normalizedString" schemeAgencyName="String" schemeAgencyID="normalizedString" schemeURI="http://www.altova.com" schemeName="String" schemeVersionID="normalizedString" schemeDataURI="http://www.altova.com">normalizedString</oa:ID>
						<oa:RevisionID schemeID="normalizedString" schemeAgencyName="String" schemeAgencyID="normalizedString" schemeURI="http://www.altova.com" schemeName="String" schemeVersionID="normalizedString" schemeDataURI="http://www.altova.com">normalizedString</oa:RevisionID>
						<oa:VariationID schemeID="normalizedString" schemeAgencyName="String" schemeAgencyID="normalizedString" schemeURI="http://www.altova.com" schemeName="String" schemeVersionID="normalizedString" schemeDataURI="http://www.altova.com">normalizedString</oa:VariationID>
					</oa:CustomerItemID>
					<oa:ManufacturerItemID agencyRole="text">
						<oa:ID schemeID="normalizedString" schemeAgencyName="String" schemeAgencyID="normalizedString" schemeURI="http://www.altova.com" schemeName="String" schemeVersionID="normalizedString" schemeDataURI="http://www.altova.com">normalizedString</oa:ID>
						<oa:RevisionID schemeID="normalizedString" schemeAgencyName="String" schemeAgencyID="normalizedString" schemeURI="http://www.altova.com" schemeName="String" schemeVersionID="normalizedString" schemeDataURI="http://www.altova.com">normalizedString</oa:RevisionID>
						<oa:VariationID schemeID="normalizedString" schemeAgencyName="String" schemeAgencyID="normalizedString" schemeURI="http://www.altova.com" schemeName="String" schemeVersionID="normalizedString" schemeDataURI="http://www.altova.com">normalizedString</oa:VariationID>
					</oa:ManufacturerItemID>
					<oa:SupplierItemID agencyRole="text">
						<oa:ID schemeID="normalizedString" schemeAgencyName="String" schemeAgencyID="normalizedString" schemeURI="http://www.altova.com" schemeName="String" schemeVersionID="normalizedString" schemeDataURI="http://www.altova.com">normalizedString</oa:ID>
						<oa:RevisionID schemeID="normalizedString" schemeAgencyName="String" schemeAgencyID="normalizedString" schemeURI="http://www.altova.com" schemeName="String" schemeVersionID="normalizedString" schemeDataURI="http://www.altova.com">normalizedString</oa:RevisionID>
						<oa:VariationID schemeID="normalizedString" schemeAgencyName="String" schemeAgencyID="normalizedString" schemeURI="http://www.altova.com" schemeName="String" schemeVersionID="normalizedString" schemeDataURI="http://www.altova.com">normalizedString</oa:VariationID>
					</oa:SupplierItemID>
					<oa:UPCID schemeID="normalizedString" schemeAgencyName="String" schemeAgencyID="normalizedString" schemeURI="http://www.altova.com" schemeName="String" schemeVersionID="normalizedString" schemeDataURI="http://www.altova.com">normalizedString</oa:UPCID>
					<oa:EPCID schemeID="normalizedString" schemeAgencyName="String" schemeAgencyID="normalizedString" schemeURI="http://www.altova.com" schemeName="String" schemeVersionID="normalizedString" schemeDataURI="http://www.altova.com">normalizedString</oa:EPCID>
					<oa:ServiceIndicator>true</oa:ServiceIndicator>
					<oa:Description languageID="en-us">String</oa:Description>
					<oa:Note author="String" entryDateTime="1967-08-13" status="String" languageID="en-us">String</oa:Note>
					<oa:Classification type="normalizedString">
						<oa:Codes>
							<oa:Code listID="normalizedString" sequence="2" sequenceName="normalizedString" listSchemeURI="http://www.altova.com" listVersionID="normalizedString" listName="String" name="String" listURI="http://www.altova.com" listAgencyName="String" listAgencyID="normalizedString" languageID="en-us">normalizedString</oa:Code>
						</oa:Codes>
						<oa:Description languageID="en-us">String</oa:Description>
						<oa:Note author="String" entryDateTime="1967-08-13" status="String" languageID="en-us">String</oa:Note>
						<oa:UserArea/>
					</oa:Classification>
					<oa:Specification type="normalizedString">
						<oa:Property sequence="2">
							<oa:NameValue type="normalizedString" name="normalizedString" unitCode="normalizedString" unitCodeListVersionID="normalizedString">String</oa:NameValue>
							<oa:Description languageID="en-us">String</oa:Description>
							<oa:Note author="String" entryDateTime="1967-08-13" status="String" languageID="en-us">String</oa:Note>
							<oa:EffectiveTimePeriod>
								<oa:StartDateTime>1967-08-13</oa:StartDateTime>
								<oa:Duration>P1Y2M3DT10H30M0S</oa:Duration>
							</oa:EffectiveTimePeriod>
							<oa:UserArea/>
						</oa:Property>
					</oa:Specification>
					<oa:HazardousMaterial>
						<oa:ID schemeID="normalizedString" schemeAgencyName="String" schemeAgencyID="normalizedString" schemeURI="http://www.altova.com" schemeName="String" schemeVersionID="normalizedString" schemeDataURI="http://www.altova.com">normalizedString</oa:ID>
						<oa:MFAGID schemeID="normalizedString" schemeAgencyName="String" schemeAgencyID="normalizedString" schemeURI="http://www.altova.com" schemeName="String" schemeVersionID="normalizedString" schemeDataURI="http://www.altova.com">normalizedString</oa:MFAGID>
						<oa:TechnicalName languageID="en-us">String</oa:TechnicalName>
						<oa:PlacardEndorsement languageID="en-us">String</oa:PlacardEndorsement>
						<oa:PlacardNotation languageID="en-us">String</oa:PlacardNotation>
						<oa:MarinePollutionLevelCode listID="normalizedString" listSchemeURI="http://www.altova.com" listVersionID="normalizedString" listName="String" name="String" listURI="http://www.altova.com" listAgencyName="String" listAgencyID="normalizedString" languageID="en-us">normalizedString</oa:MarinePollutionLevelCode>
						<oa:ToxicityZoneCode listID="normalizedString" listSchemeURI="http://www.altova.com" listVersionID="normalizedString" listName="String" name="String" listURI="http://www.altova.com" listAgencyName="String" listAgencyID="normalizedString" languageID="en-us">normalizedString</oa:ToxicityZoneCode>
						<oa:Temperature unitCode="normalizedString">0.0</oa:Temperature>
						<oa:FlashpointTemperature unitCode="normalizedString">0.0</oa:FlashpointTemperature>
						<oa:PrimaryEntryRoute languageID="en-us">String</oa:PrimaryEntryRoute>
						<oa:Description languageID="en-us">String</oa:Description>
						<oa:EmergencyContact type="normalizedString" languageCode="normalizedString">
							<oa:ID schemeID="normalizedString" schemeAgencyName="String" schemeAgencyID="normalizedString" schemeURI="http://www.altova.com" schemeName="String" schemeVersionID="normalizedString" schemeDataURI="http://www.altova.com">normalizedString</oa:ID>
							<oa:Name languageID="en-us">String</oa:Name>
							<oa:JobTitle languageID="en-us">String</oa:JobTitle>
							<oa:Responsibility languageID="en-us">String</oa:Responsibility>
							<oa:DepartmentName languageID="en-us">String</oa:DepartmentName>
							<oa:Communication sequence="2" preferredIndicator="true">
								<oa:ChannelCode listID="normalizedString" listSchemeURI="http://www.altova.com" listVersionID="normalizedString" listName="String" name="String" listURI="http://www.altova.com" listAgencyName="String" listAgencyID="normalizedString" languageID="en-us">normalizedString</oa:ChannelCode>
								<oa:UseCode listID="normalizedString" listSchemeURI="http://www.altova.com" listVersionID="normalizedString" listName="String" name="String" listURI="http://www.altova.com" listAgencyName="String" listAgencyID="normalizedString" languageID="en-us">normalizedString</oa:UseCode>
								<oa:CountryDialing languageID="en-us">String</oa:CountryDialing>
								<oa:AreaDialing languageID="en-us">String</oa:AreaDialing>
								<oa:DialNumber languageID="en-us">String</oa:DialNumber>
								<oa:Extension languageID="en-us">String</oa:Extension>
								<oa:Access languageID="en-us">String</oa:Access>
								<oa:Preference>
									<oa:Sequence>2</oa:Sequence>
									<oa:Indicator>true</oa:Indicator>
									<oa:EffectiveTimePeriod>
										<oa:StartDateTime>1967-08-13</oa:StartDateTime>
										<oa:Duration>P1Y2M3DT10H30M0S</oa:Duration>
									</oa:EffectiveTimePeriod>
									<oa:UserArea/>
								</oa:Preference>
								<oa:UserArea/>
							</oa:Communication>
							<oa:Preference>
								<oa:Sequence>2</oa:Sequence>
								<oa:Indicator>true</oa:Indicator>
								<oa:EffectiveTimePeriod>
									<oa:StartDateTime>1967-08-13</oa:StartDateTime>
									<oa:Duration>P1Y2M3DT10H30M0S</oa:Duration>
								</oa:EffectiveTimePeriod>
								<oa:UserArea/>
							</oa:Preference>
							<oa:UserArea/>
						</oa:EmergencyContact>
						<oa:UserArea/>
					</oa:HazardousMaterial>
					<oa:Packaging>
						<oa:ID schemeID="normalizedString" schemeAgencyName="String" schemeAgencyID="normalizedString" schemeURI="http://www.altova.com" schemeName="String" schemeVersionID="normalizedString" schemeDataURI="http://www.altova.com">normalizedString</oa:ID>
						<oa:Description languageID="en-us">String</oa:Description>
						<oa:Note author="String" entryDateTime="1967-08-13" status="String" languageID="en-us">String</oa:Note>
						<oa:Type listID="normalizedString" listSchemeURI="http://www.altova.com" listVersionID="normalizedString" listName="String" name="String" listURI="http://www.altova.com" listAgencyName="String" listAgencyID="normalizedString" languageID="en-us">normalizedString</oa:Type>
						<oa:Dimensions type="normalizedString">
							<oa:WidthMeasure unitCode="normalizedString">0.0</oa:WidthMeasure>
							<oa:LengthMeasure unitCode="normalizedString">0.0</oa:LengthMeasure>
							<oa:HeightMeasure unitCode="normalizedString">0.0</oa:HeightMeasure>
							<oa:Description languageID="en-us">String</oa:Description>
							<oa:UserArea/>
						</oa:Dimensions>
						<oa:UPCPackagingLevelCode listID="normalizedString" listSchemeURI="http://www.altova.com" listVersionID="normalizedString" listName="String" name="String" listURI="http://www.altova.com" listAgencyName="String" listAgencyID="normalizedString" languageID="en-us">normalizedString</oa:UPCPackagingLevelCode>
						<oa:PerPackageQuantity unitCode="normalizedString">0.0</oa:PerPackageQuantity>
						<oa:CapacityPerPackageQuantity unitCode="normalizedString">0.0</oa:CapacityPerPackageQuantity>
						<oa:UserArea/>
					</oa:Packaging>
					<oa:RFID schemeID="normalizedString" schemeAgencyName="String" schemeAgencyID="normalizedString" schemeURI="http://www.altova.com" schemeName="String" schemeVersionID="normalizedString" schemeDataURI="http://www.altova.com">normalizedString</oa:RFID>
					<oa:SerialNumber schemeID="normalizedString" schemeAgencyName="String" schemeAgencyID="normalizedString" schemeURI="http://www.altova.com" schemeName="String" schemeVersionID="normalizedString" schemeDataURI="http://www.altova.com">normalizedString</oa:SerialNumber>
					<oa:UserArea/>
				</oa:Item>
				<oa:SerialNumber schemeID="normalizedString" schemeAgencyName="String" schemeAgencyID="normalizedString" schemeURI="http://www.altova.com" schemeName="String" schemeVersionID="normalizedString" schemeDataURI="http://www.altova.com">normalizedString</oa:SerialNumber>
				<oa:RFID schemeID="normalizedString" schemeAgencyName="String" schemeAgencyID="normalizedString" schemeURI="http://www.altova.com" schemeName="String" schemeVersionID="normalizedString" schemeDataURI="http://www.altova.com">normalizedString</oa:RFID>
				<oa:Quantity unitCode="normalizedString">0.0</oa:Quantity>
				<oa:UnitPrice>
					<oa:Amount currencyID="AED">0.0</oa:Amount>
					<oa:PerQuantity unitCode="normalizedString">0.0</oa:PerQuantity>
					<oa:Code listID="normalizedString" listSchemeURI="http://www.altova.com" listVersionID="normalizedString" listName="String" name="String" listURI="http://www.altova.com" listAgencyName="String" listAgencyID="normalizedString" languageID="en-us">normalizedString</oa:Code>
					<oa:TimePeriod>
						<oa:StartDateTime>1967-08-13</oa:StartDateTime>
						<oa:Duration>P1Y2M3DT10H30M0S</oa:Duration>
					</oa:TimePeriod>
				</oa:UnitPrice>
				<oa:ExtendedAmount currencyID="AED">0.0</oa:ExtendedAmount>
				<oa:TotalAmount currencyID="AED">0.0</oa:TotalAmount>
				<oa:Distribution>
					<oa:LedgerID schemeID="normalizedString" schemeAgencyName="String" schemeAgencyID="normalizedString" schemeURI="http://www.altova.com" schemeName="String" schemeVersionID="normalizedString" schemeDataURI="http://www.altova.com">normalizedString</oa:LedgerID>
					<oa:Percentage>0.0</oa:Percentage>
					<oa:Quantity unitCode="normalizedString">0.0</oa:Quantity>
					<oa:Amount currencyID="AED">0.0</oa:Amount>
					<oa:GLNominalAccount>normalizedString</oa:GLNominalAccount>
					<oa:GLElement>
						<oa:Element sequence="2" sequenceName="normalizedString" languageID="en-us">String</oa:Element>
					</oa:GLElement>
					<oa:EnterpriseUnit>
						<oa:CostCenterID schemeID="normalizedString" schemeAgencyName="String" schemeAgencyID="normalizedString" schemeURI="http://www.altova.com" schemeName="String" schemeVersionID="normalizedString" schemeDataURI="http://www.altova.com">normalizedString</oa:CostCenterID>
						<oa:ProfitCenterID schemeID="normalizedString" schemeAgencyName="String" schemeAgencyID="normalizedString" schemeURI="http://www.altova.com" schemeName="String" schemeVersionID="normalizedString" schemeDataURI="http://www.altova.com">normalizedString</oa:ProfitCenterID>
						<oa:GLEntityID schemeID="normalizedString" schemeAgencyName="String" schemeAgencyID="normalizedString" schemeURI="http://www.altova.com" schemeName="String" schemeVersionID="normalizedString" schemeDataURI="http://www.altova.com">normalizedString</oa:GLEntityID>
						<oa:GLElement>
							<oa:Element sequence="2" sequenceName="normalizedString" languageID="en-us">String</oa:Element>
						</oa:GLElement>
						<oa:UserArea/>
					</oa:EnterpriseUnit>
					<oa:ProjectReference type="normalizedString">
						<oa:ID schemeID="normalizedString" schemeAgencyName="String" schemeAgencyID="normalizedString" schemeURI="http://www.altova.com" schemeName="String" schemeVersionID="normalizedString" schemeDataURI="http://www.altova.com">normalizedString</oa:ID>
						<oa:ResourceCodes>
							<oa:Code listID="normalizedString" sequence="2" sequenceName="normalizedString" listSchemeURI="http://www.altova.com" listVersionID="normalizedString" listName="String" name="String" listURI="http://www.altova.com" listAgencyName="String" listAgencyID="normalizedString" languageID="en-us">normalizedString</oa:Code>
						</oa:ResourceCodes>
						<oa:Description languageID="en-us">String</oa:Description>
						<oa:Amount currencyID="AED">0.0</oa:Amount>
						<oa:Location type="normalizedString">
							<oa:ID schemeID="normalizedString" schemeAgencyName="String" schemeAgencyID="normalizedString" schemeURI="http://www.altova.com" schemeName="String" schemeVersionID="normalizedString" schemeDataURI="http://www.altova.com">normalizedString</oa:ID>
							<oa:Name languageID="en-us">String</oa:Name>
							<oa:Directions languageID="en-us">String</oa:Directions>
							<oa:Coordinate>
								<oa:Latitude>
									<oa:DegreeMeasure unitCode="normalizedString">0.0</oa:DegreeMeasure>
									<oa:MinuteMeasure unitCode="normalizedString">0.0</oa:MinuteMeasure>
									<oa:SecondMeasure unitCode="normalizedString">0.0</oa:SecondMeasure>
									<oa:DirectionCode listID="normalizedString" listSchemeURI="http://www.altova.com" listVersionID="normalizedString" listName="String" name="String" listURI="http://www.altova.com" listAgencyName="String" listAgencyID="normalizedString" languageID="en-us">normalizedString</oa:DirectionCode>
								</oa:Latitude>
								<oa:Longitude>
									<oa:DegreeMeasure unitCode="normalizedString">0.0</oa:DegreeMeasure>
									<oa:MinuteMeasure unitCode="normalizedString">0.0</oa:MinuteMeasure>
									<oa:SecondMeasure unitCode="normalizedString">0.0</oa:SecondMeasure>
									<oa:DirectionCode listID="normalizedString" listSchemeURI="http://www.altova.com" listVersionID="normalizedString" listName="String" name="String" listURI="http://www.altova.com" listAgencyName="String" listAgencyID="normalizedString" languageID="en-us">normalizedString</oa:DirectionCode>
								</oa:Longitude>
								<oa:AltitudeMeasure unitCode="normalizedString">0.0</oa:AltitudeMeasure>
								<oa:UserArea/>
							</oa:Coordinate>
							<oa:Address languageCode="normalizedString">
								<oa:ID schemeID="normalizedString" schemeAgencyName="String" schemeAgencyID="normalizedString" schemeURI="http://www.altova.com" schemeName="String" schemeVersionID="normalizedString" schemeDataURI="http://www.altova.com">normalizedString</oa:ID>
								<oa:FormatCode listID="normalizedString" listSchemeURI="http://www.altova.com" listVersionID="normalizedString" listName="String" name="String" listURI="http://www.altova.com" listAgencyName="String" listAgencyID="normalizedString" languageID="en-us">normalizedString</oa:FormatCode>
								<oa:AttentionOfName languageID="en-us">String</oa:AttentionOfName>
								<oa:CareOfName languageID="en-us">String</oa:CareOfName>
								<oa:AddressLine sequence="2" sequenceName="normalizedString" languageID="en-us">String</oa:AddressLine>
								<oa:CitySubDivisionName languageID="en-us">String</oa:CitySubDivisionName>
								<oa:CityName languageID="en-us">String</oa:CityName>
								<oa:CountrySubDivisionCode listID="normalizedString" listSchemeURI="http://www.altova.com" listVersionID="normalizedString" listName="String" name="String" listURI="http://www.altova.com" listAgencyName="String" listAgencyID="normalizedString" languageID="en-us">normalizedString</oa:CountrySubDivisionCode>
								<oa:CountryCode listID="normalizedString" listSchemeURI="http://www.altova.com" listVersionID="normalizedString" listName="String" name="String" listURI="http://www.altova.com" listAgencyName="String" listAgencyID="normalizedString" languageID="en-us">normalizedString</oa:CountryCode>
								<oa:PostalCode listID="normalizedString" listSchemeURI="http://www.altova.com" listVersionID="normalizedString" listName="String" name="String" listURI="http://www.altova.com" listAgencyName="String" listAgencyID="normalizedString" languageID="en-us">normalizedString</oa:PostalCode>
								<oa:Status>
									<oa:Code listID="normalizedString" listSchemeURI="http://www.altova.com" listVersionID="normalizedString" listName="String" name="String" listURI="http://www.altova.com" listAgencyName="String" listAgencyID="normalizedString" languageID="en-us">normalizedString</oa:Code>
									<oa:Description languageID="en-us">String</oa:Description>
									<oa:EffectiveDateTime>1967-08-13</oa:EffectiveDateTime>
									<oa:ReasonCode listID="normalizedString" listSchemeURI="http://www.altova.com" listVersionID="normalizedString" listName="String" name="String" listURI="http://www.altova.com" listAgencyName="String" listAgencyID="normalizedString" languageID="en-us">normalizedString</oa:ReasonCode>
									<oa:Reason languageID="en-us">String</oa:Reason>
									<oa:TimePeriod>
										<oa:StartDateTime>1967-08-13</oa:StartDateTime>
										<oa:Duration>P1Y2M3DT10H30M0S</oa:Duration>
									</oa:TimePeriod>
									<oa:UserArea/>
								</oa:Status>
								<oa:Preference>
									<oa:Sequence>2</oa:Sequence>
									<oa:Indicator>true</oa:Indicator>
									<oa:EffectiveTimePeriod>
										<oa:StartDateTime>1967-08-13</oa:StartDateTime>
										<oa:Duration>P1Y2M3DT10H30M0S</oa:Duration>
									</oa:EffectiveTimePeriod>
									<oa:UserArea/>
								</oa:Preference>
								<oa:UserArea/>
							</oa:Address>
							<oa:Description languageID="en-us">String</oa:Description>
							<oa:Note author="String" entryDateTime="1967-08-13" status="String" languageID="en-us">String</oa:Note>
							<oa:UserArea/>
						</oa:Location>
						<oa:TimePeriod>
							<oa:StartDateTime>1967-08-13</oa:StartDateTime>
							<oa:Duration>P1Y2M3DT10H30M0S</oa:Duration>
						</oa:TimePeriod>
						<oa:ActivityID schemeID="normalizedString" schemeAgencyName="String" schemeAgencyID="normalizedString" schemeURI="http://www.altova.com" schemeName="String" schemeVersionID="normalizedString" schemeDataURI="http://www.altova.com">normalizedString</oa:ActivityID>
						<oa:UserArea/>
					</oa:ProjectReference>
					<oa:UserArea/>
				</oa:Distribution>
				<oa:ProjectReference type="normalizedString">
					<oa:ID schemeID="normalizedString" schemeAgencyName="String" schemeAgencyID="normalizedString" schemeURI="http://www.altova.com" schemeName="String" schemeVersionID="normalizedString" schemeDataURI="http://www.altova.com">normalizedString</oa:ID>
					<oa:ResourceCodes>
						<oa:Code listID="normalizedString" sequence="2" sequenceName="normalizedString" listSchemeURI="http://www.altova.com" listVersionID="normalizedString" listName="String" name="String" listURI="http://www.altova.com" listAgencyName="String" listAgencyID="normalizedString" languageID="en-us">normalizedString</oa:Code>
					</oa:ResourceCodes>
					<oa:Description languageID="en-us">String</oa:Description>
					<oa:Amount currencyID="AED">0.0</oa:Amount>
					<oa:Location type="normalizedString">
						<oa:ID schemeID="normalizedString" schemeAgencyName="String" schemeAgencyID="normalizedString" schemeURI="http://www.altova.com" schemeName="String" schemeVersionID="normalizedString" schemeDataURI="http://www.altova.com">normalizedString</oa:ID>
						<oa:Name languageID="en-us">String</oa:Name>
						<oa:Directions languageID="en-us">String</oa:Directions>
						<oa:Coordinate>
							<oa:Latitude>
								<oa:DegreeMeasure unitCode="normalizedString">0.0</oa:DegreeMeasure>
								<oa:MinuteMeasure unitCode="normalizedString">0.0</oa:MinuteMeasure>
								<oa:SecondMeasure unitCode="normalizedString">0.0</oa:SecondMeasure>
								<oa:DirectionCode listID="normalizedString" listSchemeURI="http://www.altova.com" listVersionID="normalizedString" listName="String" name="String" listURI="http://www.altova.com" listAgencyName="String" listAgencyID="normalizedString" languageID="en-us">normalizedString</oa:DirectionCode>
							</oa:Latitude>
							<oa:Longitude>
								<oa:DegreeMeasure unitCode="normalizedString">0.0</oa:DegreeMeasure>
								<oa:MinuteMeasure unitCode="normalizedString">0.0</oa:MinuteMeasure>
								<oa:SecondMeasure unitCode="normalizedString">0.0</oa:SecondMeasure>
								<oa:DirectionCode listID="normalizedString" listSchemeURI="http://www.altova.com" listVersionID="normalizedString" listName="String" name="String" listURI="http://www.altova.com" listAgencyName="String" listAgencyID="normalizedString" languageID="en-us">normalizedString</oa:DirectionCode>
							</oa:Longitude>
							<oa:AltitudeMeasure unitCode="normalizedString">0.0</oa:AltitudeMeasure>
							<oa:UserArea/>
						</oa:Coordinate>
						<oa:Address languageCode="normalizedString">
							<oa:ID schemeID="normalizedString" schemeAgencyName="String" schemeAgencyID="normalizedString" schemeURI="http://www.altova.com" schemeName="String" schemeVersionID="normalizedString" schemeDataURI="http://www.altova.com">normalizedString</oa:ID>
							<oa:FormatCode listID="normalizedString" listSchemeURI="http://www.altova.com" listVersionID="normalizedString" listName="String" name="String" listURI="http://www.altova.com" listAgencyName="String" listAgencyID="normalizedString" languageID="en-us">normalizedString</oa:FormatCode>
							<oa:AttentionOfName languageID="en-us">String</oa:AttentionOfName>
							<oa:CareOfName languageID="en-us">String</oa:CareOfName>
							<oa:AddressLine sequence="2" sequenceName="normalizedString" languageID="en-us">String</oa:AddressLine>
							<oa:CitySubDivisionName languageID="en-us">String</oa:CitySubDivisionName>
							<oa:CityName languageID="en-us">String</oa:CityName>
							<oa:CountrySubDivisionCode listID="normalizedString" listSchemeURI="http://www.altova.com" listVersionID="normalizedString" listName="String" name="String" listURI="http://www.altova.com" listAgencyName="String" listAgencyID="normalizedString" languageID="en-us">normalizedString</oa:CountrySubDivisionCode>
							<oa:CountryCode listID="normalizedString" listSchemeURI="http://www.altova.com" listVersionID="normalizedString" listName="String" name="String" listURI="http://www.altova.com" listAgencyName="String" listAgencyID="normalizedString" languageID="en-us">normalizedString</oa:CountryCode>
							<oa:PostalCode listID="normalizedString" listSchemeURI="http://www.altova.com" listVersionID="normalizedString" listName="String" name="String" listURI="http://www.altova.com" listAgencyName="String" listAgencyID="normalizedString" languageID="en-us">normalizedString</oa:PostalCode>
							<oa:Status>
								<oa:Code listID="normalizedString" listSchemeURI="http://www.altova.com" listVersionID="normalizedString" listName="String" name="String" listURI="http://www.altova.com" listAgencyName="String" listAgencyID="normalizedString" languageID="en-us">normalizedString</oa:Code>
								<oa:Description languageID="en-us">String</oa:Description>
								<oa:EffectiveDateTime>1967-08-13</oa:EffectiveDateTime>
								<oa:ReasonCode listID="normalizedString" listSchemeURI="http://www.altova.com" listVersionID="normalizedString" listName="String" name="String" listURI="http://www.altova.com" listAgencyName="String" listAgencyID="normalizedString" languageID="en-us">normalizedString</oa:ReasonCode>
								<oa:Reason languageID="en-us">String</oa:Reason>
								<oa:TimePeriod>
									<oa:StartDateTime>1967-08-13</oa:StartDateTime>
									<oa:Duration>P1Y2M3DT10H30M0S</oa:Duration>
								</oa:TimePeriod>
								<oa:UserArea/>
							</oa:Status>
							<oa:Preference>
								<oa:Sequence>2</oa:Sequence>
								<oa:Indicator>true</oa:Indicator>
								<oa:EffectiveTimePeriod>
									<oa:StartDateTime>1967-08-13</oa:StartDateTime>
									<oa:Duration>P1Y2M3DT10H30M0S</oa:Duration>
								</oa:EffectiveTimePeriod>
								<oa:UserArea/>
							</oa:Preference>
							<oa:UserArea/>
						</oa:Address>
						<oa:Description languageID="en-us">String</oa:Description>
						<oa:Note author="String" entryDateTime="1967-08-13" status="String" languageID="en-us">String</oa:Note>
						<oa:UserArea/>
					</oa:Location>
					<oa:TimePeriod>
						<oa:StartDateTime>1967-08-13</oa:StartDateTime>
						<oa:Duration>P1Y2M3DT10H30M0S</oa:Duration>
					</oa:TimePeriod>
					<oa:ActivityID schemeID="normalizedString" schemeAgencyName="String" schemeAgencyID="normalizedString" schemeURI="http://www.altova.com" schemeName="String" schemeVersionID="normalizedString" schemeDataURI="http://www.altova.com">normalizedString</oa:ActivityID>
					<oa:UserArea/>
				</oa:ProjectReference>
				<oa:GLAccount>
					<oa:GLNominalAccount>normalizedString</oa:GLNominalAccount>
					<oa:GLElement>
						<oa:Element sequence="2" sequenceName="normalizedString" languageID="en-us">String</oa:Element>
					</oa:GLElement>
					<oa:UserArea/>
				</oa:GLAccount>
				<oa:DocumentDateTime>1967-08-13</oa:DocumentDateTime>
				<oa:EnterpriseUnit>
					<oa:CostCenterID schemeID="normalizedString" schemeAgencyName="String" schemeAgencyID="normalizedString" schemeURI="http://www.altova.com" schemeName="String" schemeVersionID="normalizedString" schemeDataURI="http://www.altova.com">normalizedString</oa:CostCenterID>
					<oa:ProfitCenterID schemeID="normalizedString" schemeAgencyName="String" schemeAgencyID="normalizedString" schemeURI="http://www.altova.com" schemeName="String" schemeVersionID="normalizedString" schemeDataURI="http://www.altova.com">normalizedString</oa:ProfitCenterID>
					<oa:GLEntityID schemeID="normalizedString" schemeAgencyName="String" schemeAgencyID="normalizedString" schemeURI="http://www.altova.com" schemeName="String" schemeVersionID="normalizedString" schemeDataURI="http://www.altova.com">normalizedString</oa:GLEntityID>
					<oa:GLElement>
						<oa:Element sequence="2" sequenceName="normalizedString" languageID="en-us">String</oa:Element>
					</oa:GLElement>
					<oa:UserArea/>
				</oa:EnterpriseUnit>
				<oa:UserArea/>
			</mrk:InternalOrderLine>
		</mrk:InternalOrder>
	</mrk:DataArea>
</mrk:ShowInternalOrder>
