<oneoff_actions>
    <oracle.jrf.j2ee version="11.1.1.5.0" opt_req="R">
        <jar name="wsm-agent-wls.jar" path="%ORACLE_HOME%/modules/oracle.wsm.agent.common_11.1.1" class_name="/modules/oracle.wsm.agent.common_11.1.1/wsm-agent-wls.jar/oracle/wsm/agent/handler/WSMEngineInvoker.class"/>
        <jar name="wsm-agent-wls.jar" path="%ORACLE_HOME%/modules/oracle.wsm.agent.common_11.1.1" class_name="/modules/oracle.wsm.agent.common_11.1.1/wsm-agent-wls.jar/oracle/wsm/agent/handler/WSMEngineInvoker$2.class"/>
        <jar name="wsm-agent-wls.jar" path="%ORACLE_HOME%/modules/oracle.wsm.agent.common_11.1.1" class_name="/modules/oracle.wsm.agent.common_11.1.1/wsm-agent-wls.jar/oracle/wsm/agent/handler/WSMEngineInvoker$AgentWrapper.class"/>
        <jar name="wsm-agent-wls.jar" path="%ORACLE_HOME%/modules/oracle.wsm.agent.common_11.1.1" class_name="/modules/oracle.wsm.agent.common_11.1.1/wsm-agent-wls.jar/oracle/wsm/agent/handler/WSMEngineInvoker$1.class"/>
        <jar name="wsm-agent-core.jar" path="%ORACLE_HOME%/modules/oracle.wsm.agent.common_11.1.1" class_name="/modules/oracle.wsm.agent.common_11.1.1/wsm-agent-core.jar/oracle/wsm/agent/WSMAgent.class"/>
        <jar name="wsm-agent-core.jar" path="%ORACLE_HOME%/modules/oracle.wsm.agent.common_11.1.1" class_name="/modules/oracle.wsm.agent.common_11.1.1/wsm-agent-core.jar/oracle/wsm/policyengine/impl/runtime/WSPolicyRuntimeExecutor.class"/>
        <jar name="wsm-policy-core.jar" path="%ORACLE_HOME%/modules/oracle.wsm.common_11.1.1" class_name="/modules/oracle.wsm.common_11.1.1/wsm-policy-core.jar/oracle/wsm/policy/constants/PolicyConstants$CATEGORIES_ENUM.class"/>
        <jar name="wsm-policy-core.jar" path="%ORACLE_HOME%/modules/oracle.wsm.common_11.1.1" class_name="/modules/oracle.wsm.common_11.1.1/wsm-policy-core.jar/oracle/wsm/policy/constants/PolicyConstants$NAMESPACE_DECLS.class"/>
        <jar name="wsm-policy-core.jar" path="%ORACLE_HOME%/modules/oracle.wsm.common_11.1.1" class_name="/modules/oracle.wsm.common_11.1.1/wsm-policy-core.jar/oracle/wsm/policy/constants/PolicyConstants$ElementNames$RequestSecurityTokenTemplate.class"/>
        <jar name="wsm-policy-core.jar" path="%ORACLE_HOME%/modules/oracle.wsm.common_11.1.1" class_name="/modules/oracle.wsm.common_11.1.1/wsm-policy-core.jar/oracle/wsm/policy/constants/PolicyConstants$AlgorithmURIs.class"/>
        <jar name="wsm-policy-core.jar" path="%ORACLE_HOME%/modules/oracle.wsm.common_11.1.1" class_name="/modules/oracle.wsm.common_11.1.1/wsm-policy-core.jar/oracle/wsm/policy/constants/PolicyConstants$LayoutQNames.class"/>
        <jar name="wsm-policy-core.jar" path="%ORACLE_HOME%/modules/oracle.wsm.common_11.1.1" class_name="/modules/oracle.wsm.common_11.1.1/wsm-policy-core.jar/oracle/wsm/policy/constants/PolicyConstants$IntentQNames.class"/>
        <jar name="wsm-policy-core.jar" path="%ORACLE_HOME%/modules/oracle.wsm.common_11.1.1" class_name="/modules/oracle.wsm.common_11.1.1/wsm-policy-core.jar/oracle/wsm/policy/constants/PolicyConstants$AlgorithmSuiteQNames.class"/>
        <jar name="wsm-policy-core.jar" path="%ORACLE_HOME%/modules/oracle.wsm.common_11.1.1" class_name="/modules/oracle.wsm.common_11.1.1/wsm-policy-core.jar/oracle/wsm/policy/constants/PolicyConstants$AttributeValues.class"/>
        <jar name="wsm-policy-core.jar" path="%ORACLE_HOME%/modules/oracle.wsm.common_11.1.1" class_name="/modules/oracle.wsm.common_11.1.1/wsm-policy-core.jar/oracle/wsm/policy/constants/PolicyConstants$AttributeNames.class"/>
        <jar name="wsm-policy-core.jar" path="%ORACLE_HOME%/modules/oracle.wsm.common_11.1.1" class_name="/modules/oracle.wsm.common_11.1.1/wsm-policy-core.jar/oracle/wsm/policy/constants/PolicyConstants$ElementNames$AlgorithmSuite.class"/>
        <jar name="wsm-policy-core.jar" path="%ORACLE_HOME%/modules/oracle.wsm.common_11.1.1" class_name="/modules/oracle.wsm.common_11.1.1/wsm-policy-core.jar/oracle/wsm/policy/constants/PolicyConstants$QNames.class"/>
        <jar name="wsm-policy-core.jar" path="%ORACLE_HOME%/modules/oracle.wsm.common_11.1.1" class_name="/modules/oracle.wsm.common_11.1.1/wsm-policy-core.jar/oracle/wsm/policy/constants/PolicyConstants$SecurityAssertionConstants.class"/>
        <jar name="wsm-policy-core.jar" path="%ORACLE_HOME%/modules/oracle.wsm.common_11.1.1" class_name="/modules/oracle.wsm.common_11.1.1/wsm-policy-core.jar/oracle/wsm/policy/constants/PolicyConstants$NAMESPACE_URI.class"/>
        <jar name="wsm-policy-core.jar" path="%ORACLE_HOME%/modules/oracle.wsm.common_11.1.1" class_name="/modules/oracle.wsm.common_11.1.1/wsm-policy-core.jar/oracle/wsm/policy/constants/PolicyConstants$QNames$RequestSecurityTokenTemplate.class"/>
        <jar name="wsm-policy-core.jar" path="%ORACLE_HOME%/modules/oracle.wsm.common_11.1.1" class_name="/modules/oracle.wsm.common_11.1.1/wsm-policy-core.jar/oracle/wsm/policy/constants/PolicyConstants$STANDARD_PREFIXES.class"/>
        <jar name="wsm-policy-core.jar" path="%ORACLE_HOME%/modules/oracle.wsm.common_11.1.1" class_name="/modules/oracle.wsm.common_11.1.1/wsm-policy-core.jar/oracle/wsm/policy/constants/PolicyConstants.class"/>
        <jar name="wsm-policy-core.jar" path="%ORACLE_HOME%/modules/oracle.wsm.common_11.1.1" class_name="/modules/oracle.wsm.common_11.1.1/wsm-policy-core.jar/oracle/wsm/policy/constants/PolicyConstants$DeliveryAssurance.class"/>
        <jar name="wsm-policy-core.jar" path="%ORACLE_HOME%/modules/oracle.wsm.common_11.1.1" class_name="/modules/oracle.wsm.common_11.1.1/wsm-policy-core.jar/oracle/wsm/policy/constants/PolicyConstants$ElementNames$X509Token.class"/>
        <jar name="wsm-policy-core.jar" path="%ORACLE_HOME%/modules/oracle.wsm.common_11.1.1" class_name="/modules/oracle.wsm.common_11.1.1/wsm-policy-core.jar/oracle/wsm/policy/constants/PolicyConstants$URIs.class"/>
        <jar name="wsm-policy-core.jar" path="%ORACLE_HOME%/modules/oracle.wsm.common_11.1.1" class_name="/modules/oracle.wsm.common_11.1.1/wsm-policy-core.jar/oracle/wsm/policy/constants/PolicyConstants$POLICY_NAMING_CONVENTIONS.class"/>
        <jar name="wsm-policy-core.jar" path="%ORACLE_HOME%/modules/oracle.wsm.common_11.1.1" class_name="/modules/oracle.wsm.common_11.1.1/wsm-policy-core.jar/oracle/wsm/policy/constants/PolicyConstants$SupportingTokenTypes.class"/>
        <jar name="wsm-policy-core.jar" path="%ORACLE_HOME%/modules/oracle.wsm.common_11.1.1" class_name="/modules/oracle.wsm.common_11.1.1/wsm-policy-core.jar/oracle/wsm/policy/constants/PolicyConstants$IntentNames.class"/>
        <jar name="wsm-policy-core.jar" path="%ORACLE_HOME%/modules/oracle.wsm.common_11.1.1" class_name="/modules/oracle.wsm.common_11.1.1/wsm-policy-core.jar/oracle/wsm/policy/constants/PolicyConstants$ATTACHTO_ENUM.class"/>
        <jar name="wsm-policy-core.jar" path="%ORACLE_HOME%/modules/oracle.wsm.common_11.1.1" class_name="/modules/oracle.wsm.common_11.1.1/wsm-policy-core.jar/oracle/wsm/policy/constants/PolicyConstants$ElementNames.class"/>
        <jar name="wsm-policy-core.jar" path="%ORACLE_HOME%/modules/oracle.wsm.common_11.1.1" class_name="/modules/oracle.wsm.common_11.1.1/wsm-policy-core.jar/oracle/wsm/policy/constants/PolicyConstants$TrustURIs.class"/>
        <jar name="oracle.webservices.standalone.client.jar" path="%ORACLE_HOME%/modules/oracle.webservices_11.1.1" class_name="/modules/oracle.webservices_11.1.1/oracle.webservices.standalone.client.jar/oracle/wsm/agent/WSMAgent.class"/>
        <jar name="oracle.webservices.standalone.client.jar" path="%ORACLE_HOME%/modules/oracle.webservices_11.1.1" class_name="/modules/oracle.webservices_11.1.1/oracle.webservices.standalone.client.jar/oracle/wsm/agent/handler/WSMEngineInvoker.class"/>
        <jar name="oracle.webservices.standalone.client.jar" path="%ORACLE_HOME%/modules/oracle.webservices_11.1.1" class_name="/modules/oracle.webservices_11.1.1/oracle.webservices.standalone.client.jar/oracle/wsm/agent/handler/WSMEngineInvoker$2.class"/>
        <jar name="oracle.webservices.standalone.client.jar" path="%ORACLE_HOME%/modules/oracle.webservices_11.1.1" class_name="/modules/oracle.webservices_11.1.1/oracle.webservices.standalone.client.jar/oracle/wsm/agent/handler/WSMEngineInvoker$AgentWrapper.class"/>
        <jar name="oracle.webservices.standalone.client.jar" path="%ORACLE_HOME%/modules/oracle.webservices_11.1.1" class_name="/modules/oracle.webservices_11.1.1/oracle.webservices.standalone.client.jar/oracle/wsm/agent/handler/WSMEngineInvoker$1.class"/>
        <jar name="oracle.webservices.standalone.client.jar" path="%ORACLE_HOME%/modules/oracle.webservices_11.1.1" class_name="/modules/oracle.webservices_11.1.1/oracle.webservices.standalone.client.jar/oracle/wsm/policy/constants/PolicyConstants$CATEGORIES_ENUM.class"/>
        <jar name="oracle.webservices.standalone.client.jar" path="%ORACLE_HOME%/modules/oracle.webservices_11.1.1" class_name="/modules/oracle.webservices_11.1.1/oracle.webservices.standalone.client.jar/oracle/wsm/policy/constants/PolicyConstants$NAMESPACE_DECLS.class"/>
        <jar name="oracle.webservices.standalone.client.jar" path="%ORACLE_HOME%/modules/oracle.webservices_11.1.1" class_name="/modules/oracle.webservices_11.1.1/oracle.webservices.standalone.client.jar/oracle/wsm/policy/constants/PolicyConstants$ElementNames$RequestSecurityTokenTemplate.class"/>
        <jar name="oracle.webservices.standalone.client.jar" path="%ORACLE_HOME%/modules/oracle.webservices_11.1.1" class_name="/modules/oracle.webservices_11.1.1/oracle.webservices.standalone.client.jar/oracle/wsm/policy/constants/PolicyConstants$AlgorithmURIs.class"/>
        <jar name="oracle.webservices.standalone.client.jar" path="%ORACLE_HOME%/modules/oracle.webservices_11.1.1" class_name="/modules/oracle.webservices_11.1.1/oracle.webservices.standalone.client.jar/oracle/wsm/policy/constants/PolicyConstants$LayoutQNames.class"/>
        <jar name="oracle.webservices.standalone.client.jar" path="%ORACLE_HOME%/modules/oracle.webservices_11.1.1" class_name="/modules/oracle.webservices_11.1.1/oracle.webservices.standalone.client.jar/oracle/wsm/policy/constants/PolicyConstants$IntentQNames.class"/>
        <jar name="oracle.webservices.standalone.client.jar" path="%ORACLE_HOME%/modules/oracle.webservices_11.1.1" class_name="/modules/oracle.webservices_11.1.1/oracle.webservices.standalone.client.jar/oracle/wsm/policy/constants/PolicyConstants$AlgorithmSuiteQNames.class"/>
        <jar name="oracle.webservices.standalone.client.jar" path="%ORACLE_HOME%/modules/oracle.webservices_11.1.1" class_name="/modules/oracle.webservices_11.1.1/oracle.webservices.standalone.client.jar/oracle/wsm/policy/constants/PolicyConstants$AttributeValues.class"/>
        <jar name="oracle.webservices.standalone.client.jar" path="%ORACLE_HOME%/modules/oracle.webservices_11.1.1" class_name="/modules/oracle.webservices_11.1.1/oracle.webservices.standalone.client.jar/oracle/wsm/policy/constants/PolicyConstants$AttributeNames.class"/>
        <jar name="oracle.webservices.standalone.client.jar" path="%ORACLE_HOME%/modules/oracle.webservices_11.1.1" class_name="/modules/oracle.webservices_11.1.1/oracle.webservices.standalone.client.jar/oracle/wsm/policy/constants/PolicyConstants$ElementNames$AlgorithmSuite.class"/>
        <jar name="oracle.webservices.standalone.client.jar" path="%ORACLE_HOME%/modules/oracle.webservices_11.1.1" class_name="/modules/oracle.webservices_11.1.1/oracle.webservices.standalone.client.jar/oracle/wsm/policy/constants/PolicyConstants$QNames.class"/>
        <jar name="oracle.webservices.standalone.client.jar" path="%ORACLE_HOME%/modules/oracle.webservices_11.1.1" class_name="/modules/oracle.webservices_11.1.1/oracle.webservices.standalone.client.jar/oracle/wsm/policy/constants/PolicyConstants$SecurityAssertionConstants.class"/>
        <jar name="oracle.webservices.standalone.client.jar" path="%ORACLE_HOME%/modules/oracle.webservices_11.1.1" class_name="/modules/oracle.webservices_11.1.1/oracle.webservices.standalone.client.jar/oracle/wsm/policy/constants/PolicyConstants$NAMESPACE_URI.class"/>
        <jar name="oracle.webservices.standalone.client.jar" path="%ORACLE_HOME%/modules/oracle.webservices_11.1.1" class_name="/modules/oracle.webservices_11.1.1/oracle.webservices.standalone.client.jar/oracle/wsm/policy/constants/PolicyConstants$QNames$RequestSecurityTokenTemplate.class"/>
        <jar name="oracle.webservices.standalone.client.jar" path="%ORACLE_HOME%/modules/oracle.webservices_11.1.1" class_name="/modules/oracle.webservices_11.1.1/oracle.webservices.standalone.client.jar/oracle/wsm/policy/constants/PolicyConstants$STANDARD_PREFIXES.class"/>
        <jar name="oracle.webservices.standalone.client.jar" path="%ORACLE_HOME%/modules/oracle.webservices_11.1.1" class_name="/modules/oracle.webservices_11.1.1/oracle.webservices.standalone.client.jar/oracle/wsm/policy/constants/PolicyConstants.class"/>
        <jar name="oracle.webservices.standalone.client.jar" path="%ORACLE_HOME%/modules/oracle.webservices_11.1.1" class_name="/modules/oracle.webservices_11.1.1/oracle.webservices.standalone.client.jar/oracle/wsm/policy/constants/PolicyConstants$DeliveryAssurance.class"/>
        <jar name="oracle.webservices.standalone.client.jar" path="%ORACLE_HOME%/modules/oracle.webservices_11.1.1" class_name="/modules/oracle.webservices_11.1.1/oracle.webservices.standalone.client.jar/oracle/wsm/policy/constants/PolicyConstants$ElementNames$X509Token.class"/>
        <jar name="oracle.webservices.standalone.client.jar" path="%ORACLE_HOME%/modules/oracle.webservices_11.1.1" class_name="/modules/oracle.webservices_11.1.1/oracle.webservices.standalone.client.jar/oracle/wsm/policy/constants/PolicyConstants$URIs.class"/>
        <jar name="oracle.webservices.standalone.client.jar" path="%ORACLE_HOME%/modules/oracle.webservices_11.1.1" class_name="/modules/oracle.webservices_11.1.1/oracle.webservices.standalone.client.jar/oracle/wsm/policy/constants/PolicyConstants$POLICY_NAMING_CONVENTIONS.class"/>
        <jar name="oracle.webservices.standalone.client.jar" path="%ORACLE_HOME%/modules/oracle.webservices_11.1.1" class_name="/modules/oracle.webservices_11.1.1/oracle.webservices.standalone.client.jar/oracle/wsm/policy/constants/PolicyConstants$SupportingTokenTypes.class"/>
        <jar name="oracle.webservices.standalone.client.jar" path="%ORACLE_HOME%/modules/oracle.webservices_11.1.1" class_name="/modules/oracle.webservices_11.1.1/oracle.webservices.standalone.client.jar/oracle/wsm/policy/constants/PolicyConstants$IntentNames.class"/>
        <jar name="oracle.webservices.standalone.client.jar" path="%ORACLE_HOME%/modules/oracle.webservices_11.1.1" class_name="/modules/oracle.webservices_11.1.1/oracle.webservices.standalone.client.jar/oracle/wsm/policy/constants/PolicyConstants$ATTACHTO_ENUM.class"/>
        <jar name="oracle.webservices.standalone.client.jar" path="%ORACLE_HOME%/modules/oracle.webservices_11.1.1" class_name="/modules/oracle.webservices_11.1.1/oracle.webservices.standalone.client.jar/oracle/wsm/policy/constants/PolicyConstants$ElementNames.class"/>
        <jar name="oracle.webservices.standalone.client.jar" path="%ORACLE_HOME%/modules/oracle.webservices_11.1.1" class_name="/modules/oracle.webservices_11.1.1/oracle.webservices.standalone.client.jar/oracle/wsm/policy/constants/PolicyConstants$TrustURIs.class"/>
        <jar name="oracle.webservices.standalone.client.jar" path="%ORACLE_HOME%/modules/oracle.webservices_11.1.1" class_name="/modules/oracle.webservices_11.1.1/oracle.webservices.standalone.client.jar/oracle/wsm/policyengine/impl/runtime/WSPolicyRuntimeExecutor.class"/>
    </oracle.jrf.j2ee>
</oneoff_actions>