<MaskConfiguration>
	<CreditCard>
		<Number>***</Number>
		<ExpiryDate>***</ExpiryDate>
		<SecurityValue>***</SecurityValue>
		<Type>***</Type>
		<ParesStatus>***</ParesStatus>
		<ECI>***</ECI>
		<CAVV_AAV>***</CAVV_AAV>
	</CreditCard>
	<CreditCardInfo>
		<Number>***</Number>
		<ExpiryDate>***</ExpiryDate>
		<SecurityValue>***</SecurityValue>
		<Type>***</Type>
		<ParesStatus>***</ParesStatus>
		<ECI>***</ECI>
		<CAVV_AAV>***</CAVV_AAV>
	</CreditCardInfo>
	<CreditCardType>
		<Number>***</Number>
		<ExpiryDate>***</ExpiryDate>
		<SecurityValue>***</SecurityValue>
		<Type>***</Type>
		<ParesStatus>***</ParesStatus>
		<ECI>***</ECI>
		<CAVV_AAV>***</CAVV_AAV>
	</CreditCardType>
	<BankAccountInfo>
		<BankNumber>***</BankNumber>
		<TransitNumber>***</TransitNumber>
		<AccountNumber>***</AccountNumber>
	</BankAccountInfo>
	<BankingInfo>
		<AccountNumber>***</AccountNumber>
	</BankingInfo>
	<DriverLicense>
		<LicenseNumber>***</LicenseNumber>
		<ExpiryDate>***</ExpiryDate>
		<Province>***</Province>
	</DriverLicense>
	<OtherID>
		<IDNumber>***</IDNumber>
	</OtherID>
	<SIN>***</SIN>
	<InteracRecharge>
		<InteracInvoiceNumber>***</InteracInvoiceNumber>
	</InteracRecharge>
	<InteracRechargeFundedInfo>
		<IDEBIT_INVOICE>***</IDEBIT_INVOICE>
		<IDEBIT_MERCHDATA>***</IDEBIT_MERCHDATA>
		<IDEBIT_ISSLANG>***</IDEBIT_ISSLANG>
		<IDEBIT_TRACK2>***</IDEBIT_TRACK2>
		<IDEBIT_ISSCONF>***</IDEBIT_ISSCONF>
		<IDEBIT_ISSNAME>***</IDEBIT_ISSNAME>
		<IDEBIT_VERSION>***</IDEBIT_VERSION>
	</InteracRechargeFundedInfo>
	<CreditCardExpiryDate>***</CreditCardExpiryDate>
	<Reference>
		<Expiry>***</Expiry>
		<Number>***</Number>
	</Reference>
	<NewPIN>***</NewPIN>
	<CurrentPIN>***</CurrentPIN>
	<PIN>***</PIN>
	<PrepaidPIN>***</PrepaidPIN>
	<SecretNumber>***</SecretNumber>
	<Password>***</Password>
	<AccountPassword>***</AccountPassword>
	<RegistrationPassword>***</RegistrationPassword>
	<CSSScore>***</CSSScore>
	<CreditLimitAmount>***</CreditLimitAmount>
	<CreditCardAuthorizationCode>***</CreditCardAuthorizationCode>
	<Email>***</Email>
	<EmailAddress>***</EmailAddress>
</MaskConfiguration>
