<?xml version="1.0" encoding="UTF-8"?>
<!-- edited with XMLSpy v2007 sp2 (http://www.altova.com) by Kurt Kanaskie (MERCK & CO.) -->
<!--Sample XML file generated by XMLSpy v2007 sp1 (http://www.altova.com)-->
<oa:AddSalesOrder releaseID="9" versionID="1" xmlns:mrk="http://www.merck.com/oagis/9" xmlns:oa="http://www.openapplications.org/oagis/9" xmlns:xsi="http://www.w3.org/2001/XMLSchema-instance" xsi:schemaLocation="http://www.openapplications.org/oagis/9 ../../9.0/BODs/Developer/AddSalesOrder.xsd">
	<oa:ApplicationArea>
		<oa:Sender>
			<oa:LogicalID>normalizedString</oa:LogicalID>
			<oa:ComponentID>normalizedString</oa:ComponentID>
			<oa:TaskID>normalizedString</oa:TaskID>
			<oa:ReferenceID>normalizedString</oa:ReferenceID>
			<oa:ConfirmationCode>Always</oa:ConfirmationCode>
			<oa:AuthorizationID>normalizedString</oa:AuthorizationID>
		</oa:Sender>
		<oa:CreationDateTime>1967-08-13</oa:CreationDateTime>
		<oa:Signature/>
		<oa:BODID>normalizedString</oa:BODID>
		<oa:UserArea/>
	</oa:ApplicationArea>
	<oa:DataArea xmlns:mrk="http://www.merck.com/oagis/9" xsi:schemaLocation="http://www.merck.com/oagis/9 ../Resources/Nouns/SalesOrder.xsd">
		<oa:Add/>
		<oa:SalesOrder>
			<oa:SalesOrderHeader>
				<oa:DocumentID>
					<oa:ID>VBAK-VBELN SAP's assigned SalesOrderID, not the customers</oa:ID>
				</oa:DocumentID>
				<oa:DocumentDateTime>1967-08-13<!--VBAK-AUDAT-->
				</oa:DocumentDateTime>
				<oa:Status>
					<!--ReasonCode can contain both the code name and the description-->
					<oa:ReasonCode name="TVAG-BEZEI">VBAP-ABGRU</oa:ReasonCode>
					<oa:Reason>VBAP-ABGRU</oa:Reason>
				</oa:Status>
				<oa:CustomerParty>
					<oa:PartyIDs>
						<oa:ID>VBAK-KUNNR PARTVW='AG' SoldTo</oa:ID>
						<oa:DUNSID>VBAK-KUNNR PARTVW='AG' SoldTo is this really a DUNSID?</oa:DUNSID>
					</oa:PartyIDs>
					<oa:Name>ADDR1_DATA_NAME1 will work since there is only one address per Party in SAP</oa:Name>
					<oa:Location>
						<oa:Name>ADDR1_DATA_NAME1 will work since there is only one address per Party in SAP</oa:Name>
						<oa:Address>
							<oa:FormatCode>SZA1-D0100-TITLE_MEDI???</oa:FormatCode>
							<oa:AttentionOfName>ADDR1_DATA_NAME1</oa:AttentionOfName>
							<oa:BuildingNumber>ADDR1_DATA-HOUSE_NUM1</oa:BuildingNumber>
							<oa:StreetName>ADDR1_DATA-STREET</oa:StreetName>
							<oa:CityName>ADDR1_DATA-CITY1</oa:CityName>
							<oa:CountrySubDivisionCode>ADDR1_DATA-REGION</oa:CountrySubDivisionCode>
							<oa:CountryCode>ADDR1_DATA-COUNTRY</oa:CountryCode>
							<oa:PostalCode>ADDR1_DATA-POST_CODE1</oa:PostalCode>
						</oa:Address>
					</oa:Location>
					<oa:BuyerContact>
						<oa:Name>VBAK-VNAME</oa:Name>
						<oa:Communication>
							<oa:ChannelCode>Telephone</oa:ChannelCode>
							<oa:DialNumber>VBAK-TELF1</oa:DialNumber>
						</oa:Communication>
					</oa:BuyerContact>
				</oa:CustomerParty>
				<oa:ShipToParty>
					<oa:PartyIDs>
						<oa:ID>VBPA-KUNNR PARTVW='WE' ShipTo</oa:ID>
						<oa:DUNSID>VBPA-KUNNR PARTVW='WE' ShipTo is this really a DUNSID?</oa:DUNSID>
					</oa:PartyIDs>
					<oa:Name>ADDR1_DATA_NAME1 will work since there is only one address per Party in SAP</oa:Name>
					<oa:Location>
						<oa:Name>ADDR1_DATA_NAME1 will work since there is only one address per Party in SAP</oa:Name>
						<oa:Address>
							<oa:ID>VBPA-XCPDK ADRNR</oa:ID>
							<oa:FormatCode>SZA1-D0100-TITLE_MEDI???</oa:FormatCode>
							<oa:AttentionOfName>ADDR1_DATA_NAME1</oa:AttentionOfName>
							<oa:BuildingNumber>ADDR1_DATA-HOUSE_NUM1</oa:BuildingNumber>
							<oa:StreetName>ADDR1_DATA-STREET</oa:StreetName>
							<oa:CityName>ADDR1_DATA-CITY1</oa:CityName>
							<oa:CountrySubDivisionCode>ADDR1_DATA-REGION</oa:CountrySubDivisionCode>
							<oa:CountryCode>ADDR1_DATA-COUNTRY</oa:CountryCode>
							<oa:PostalCode>ADDR1_DATA-POST_CODE1</oa:PostalCode>
						</oa:Address>
					</oa:Location>
					<oa:Contact>
						<oa:Name>String</oa:Name>
						<oa:JobTitle>String</oa:JobTitle>
						<oa:Responsibility>String</oa:Responsibility>
						<oa:Communication>
							<oa:ChannelCode>Telephone</oa:ChannelCode>
							<oa:DialNumber>ADRC-TEL_Number</oa:DialNumber>
						</oa:Communication>
					</oa:Contact>
				</oa:ShipToParty>
				<oa:ExtendedAmount currencyID="USD">
					<!--VBAP-NETWR-->0.0</oa:ExtendedAmount>
				<!--Not mapped-->
				<oa:TotalAmount currencyID="AED">
					<!--The total of entire order including taxes, charges, etc.-->0.0</oa:TotalAmount>
				<oa:BillToParty>
					<oa:PartyIDs>
						<oa:ID>????-KUNNR PARTVW='RE'</oa:ID>
						<oa:DUNSID>????-KUNNR PARTVW='RE' BillTo is this really a DUNSID?</oa:DUNSID>
					</oa:PartyIDs>
					<oa:Name>ADDR1_DATA_NAME1 will work since there is only one address per Party in SAP</oa:Name>
					<oa:Location>
						<oa:Name>ADDR1_DATA_NAME1 will work since there is only one address per Party in SAP</oa:Name>
						<oa:Address>
							<oa:FormatCode>SZA1-D0100-TITLE_MEDI???</oa:FormatCode>
							<oa:AttentionOfName>ADDR1_DATA_NAME1</oa:AttentionOfName>
							<oa:BuildingNumber>ADDR1_DATA-HOUSE_NUM1</oa:BuildingNumber>
							<oa:StreetName>ADDR1_DATA-STREET</oa:StreetName>
							<oa:CityName>ADDR1_DATA-CITY1</oa:CityName>
							<oa:CountrySubDivisionCode>ADDR1_DATA-REGION</oa:CountrySubDivisionCode>
							<oa:CountryCode>ADDR1_DATA-COUNTRY</oa:CountryCode>
							<oa:PostalCode>ADDR1_DATA-POST_CODE1</oa:PostalCode>
						</oa:Address>
					</oa:Location>
				</oa:BillToParty>
				<oa:PayFromParty>
					<oa:PartyIDs>
						<oa:ID>VBPA-KUNNR PARTVW='RG' Payer</oa:ID>
						<oa:DUNSID>VBPA-KUNNR PARTVW='RG' Payer is this really a DUNSID?</oa:DUNSID>
					</oa:PartyIDs>
					<oa:Name>ADDR1_DATA_NAME1 will work since there is only one address per Party in SAP</oa:Name>
					<oa:Location>
						<oa:Name>ADDR1_DATA_NAME1 will work since there is only one address per Party in SAP</oa:Name>
						<oa:Address>
							<oa:FormatCode>SZA1-D0100-TITLE_MEDI???</oa:FormatCode>
							<oa:AttentionOfName>ADDR1_DATA_NAME1</oa:AttentionOfName>
							<oa:BuildingNumber>ADDR1_DATA-HOUSE_NUM1</oa:BuildingNumber>
							<oa:StreetName>ADDR1_DATA-STREET</oa:StreetName>
							<oa:CityName>ADDR1_DATA-CITY1</oa:CityName>
							<oa:CountrySubDivisionCode>ADDR1_DATA-REGION</oa:CountrySubDivisionCode>
							<oa:CountryCode>ADDR1_DATA-COUNTRY</oa:CountryCode>
							<oa:PostalCode>ADDR1_DATA-POST_CODE1</oa:PostalCode>
						</oa:Address>
					</oa:Location>
				</oa:PayFromParty>
				<oa:PartialShipmentAllowedIndicator>
					<!--VBAK-AUTLF Complete delivery defined for each order-->true</oa:PartialShipmentAllowedIndicator>
				<oa:TransportationTerm>
					<oa:IncotermsCode name="VBKD-INCO1">VBKD-INCO2</oa:IncotermsCode>
				</oa:TransportationTerm>
				<oa:PaymentTerm>
					<!--Payment Terms can be repeated to show different term conditions.-->
					<oa:Term>
						<oa:ID>VBKD-ZTERM key</oa:ID>
						<oa:Description>VBKD-ZTERM key</oa:Description>
					</oa:Term>
					<oa:Discount>
						<oa:ID>Discount Code</oa:ID>
						<oa:Description>LV70T-LTX01</oa:Description>
						<!--KOMV-KWERT-->
						<oa:Amount currencyID="USD">23</oa:Amount>
					</oa:Discount>
					<oa:Penalty>
						<oa:ID>normalizedString</oa:ID>
						<oa:Description>String</oa:Description>
						<oa:EffectiveDateTime>1967-08-13</oa:EffectiveDateTime>
						<oa:DueDateTime>1967-08-13</oa:DueDateTime>
						<oa:DiscountPercent>0.0</oa:DiscountPercent>
						<oa:ProxMonth>2</oa:ProxMonth>
						<oa:ProxDayOfMonth>01</oa:ProxDayOfMonth>
						<oa:UserArea/>
					</oa:Penalty>
				</oa:PaymentTerm>
				<oa:PaymentTerm>
					<!--Payment Terms can be repeated to show different term conditions.-->
					<oa:Term>
						<oa:ID>VBKD-ZTERM key</oa:ID>
						<oa:Description>VBKD-ZTERM key</oa:Description>
					</oa:Term>
					<oa:Discount>
						<oa:ID>Discount Code</oa:ID>
						<oa:Description>LV70T-LTX01</oa:Description>
						<!--KOMV-KWERT-->
						<oa:Amount currencyID="USD">23</oa:Amount>
					</oa:Discount>
					<oa:Penalty>
						<oa:ID>normalizedString</oa:ID>
						<oa:Description>String</oa:Description>
						<oa:EffectiveDateTime>1967-08-13</oa:EffectiveDateTime>
						<oa:DueDateTime>1967-08-13</oa:DueDateTime>
						<oa:DiscountPercent>0.0</oa:DiscountPercent>
						<oa:ProxMonth>2</oa:ProxMonth>
						<oa:ProxDayOfMonth>01</oa:ProxDayOfMonth>
						<oa:UserArea/>
					</oa:Penalty>
				</oa:PaymentTerm>
				<oa:DistributedTax type="Used for type of Tax">
					<oa:ID>A Tax ID</oa:ID>
					<oa:Calculation>
						<!--KOMV-KEBTR Excise Tax Unit-->
						<oa:RateNumeric>0.0</oa:RateNumeric>
						<oa:Description>String</oa:Description>
						<oa:UserArea/>
					</oa:Calculation>
					<oa:TaxAuthorityAmount currencyID="USD">
						<!--KOMV-KEBTR Excise tax extended-->0.0</oa:TaxAuthorityAmount>
					<oa:Amount currencyID="USD">
						<!--VBAK-MWSBP-->0.0</oa:Amount>
				</oa:DistributedTax>
				<oa:Payment>
					<oa:CreditCard>
						<oa:Type>FPLTC-CCINS</oa:Type>
						<oa:Number>FPLTC-CCNUM</oa:Number>
						<oa:NameOnAccount>FPLTC-CCNAME</oa:NameOnAccount>
						<oa:Expiration>
							<!--CCDATE-EXDATBI-->
							<oa:Month>08</oa:Month>
							<oa:Year>2007</oa:Year>
						</oa:Expiration>
					</oa:CreditCard>
				</oa:Payment>
				<oa:SalesOrganizationIDs>
					<oa:ID name="Organization">VBAK-BKORG</oa:ID>
					<oa:ID name="DistributionChannel">VBAK-BTWEG</oa:ID>
					<oa:ID name="Division">VBAK-SPART</oa:ID>
				</oa:SalesOrganizationIDs>
				<oa:PurchaseOrderReference>
					<oa:DocumentID>
						<oa:ID>VBKD-BSTKD Customer PO Number</oa:ID>
					</oa:DocumentID>
					<oa:DocumentDateTime>
						<!--VBKD-BSTDK Customer PO DateTime-->1967-08-13</oa:DocumentDateTime>
					<oa:StatusCode name="CR">Chargeback</oa:StatusCode>
					<oa:LineNumber>VBAP-POSNR</oa:LineNumber>
					<oa:UserArea>
						<!--Where to put the POTYPE for the reference-->
					</oa:UserArea>
				</oa:PurchaseOrderReference>
				<oa:UserArea>
					<!--OrderCurrency???-->
					<mrk:SalesOrderHeaderUserArea>
						<mrk:OrderType>VBAK-AUART this is an optional approach to identify the type of SalesOrder (Standard, ReturnCredit, Chargeback). This would align with @type used in Invoice</mrk:OrderType>
						<mrk:MrkDescription></mrk:MrkDescription>
						<oa:RequiredDeliveryDateTime>2007-10-10</oa:RequiredDeliveryDateTime>
						<oa:PromisedDeliveryDateTime>2007-10-10</oa:PromisedDeliveryDateTime>
					</mrk:SalesOrderHeaderUserArea>
				</oa:UserArea>
			</oa:SalesOrderHeader>
			<oa:SalesOrderLine>
				<oa:LineNumber>normalizedString</oa:LineNumber>
				<oa:Status>
					<!--ReasonCode can contain both the code name and the description-->
					<oa:Code>MVKE-VMSTD</oa:Code>
					<oa:ReasonCode name="TVAG-BEZEI">VBAP-ABGRU</oa:ReasonCode>
					<oa:Reason>VBAP-ABGRU</oa:Reason>
				</oa:Status>
				<oa:Item>
					<oa:ItemID agencyRole="Identifies a specific agency outside of Customer, Manufacturer or Supplier, e.g. FDA if there was such a thing">
						<oa:ID>RV45A-MABNR - VBAP-MATNR this is where Merck's ID goes if different than others and all need to be shown</oa:ID>
					</oa:ItemID>
					<oa:CustomerItemID>
						<oa:ID>RV45A-MABNR - this is where the Customer's ID goes if it is not Merck's</oa:ID>
					</oa:CustomerItemID>
					<oa:ManufacturerItemID>
						<!--BatchNumber VBAP-CHARG is mapped here but could be done with SerializedLot/LotIDs/LotID-->
						<oa:ID>RV45A-MABNR - this is where Merck's ID goes if different than others and all need to be shown</oa:ID>
					</oa:ManufacturerItemID>
					<oa:SupplierItemID>
						<oa:ID>RV45A-MABNR - this is where the Supplier's ID goes if different than others and all need to be shown</oa:ID>
					</oa:SupplierItemID>
					<oa:Classification type="Product - indicates the grouping of classifications, in this case Product related">
						<oa:Codes>
							<oa:Code sequence="1" name="ProductDivision">
								<!--@sequence is required and cannot be empty-->MARA-ZZMAT_PROD_DVN</oa:Code>
							<oa:Code sequence="1" name="ProductHierarchy">
								<!--@sequence is required and cannot be empty-->VBAP-PRODH</oa:Code>
						</oa:Codes>
					</oa:Classification>
					<oa:SerialNumber>Could use this for BatchNumber VBAP-CHARG</oa:SerialNumber>
					<oa:UserArea>
						<!--SerializedLot could be used to show BatchNumber-->
						<oa:SerializedLot>
							<!--Used to show the overall quantity of an item in set of Lots-->
							<oa:ItemQuantity>23</oa:ItemQuantity>
							<!--Multiple Lots can be associated with a SerializedLot-->
							<oa:Lot>
								<oa:LotIDs>
									<oa:ID>VBAP-CHARG</oa:ID>
								</oa:LotIDs>
								<!--Used to show the quantity of an item in the Lot-->
								<oa:Quantity>45</oa:Quantity>
								<!--Multiple serial numbers can be associated with a Lot-->
								<oa:SerialNumber/>
								<oa:SerialNumber/>
							</oa:Lot>
							<oa:Lot>
								<oa:LotIDs>
									<oa:ID>VBAP-CHARG</oa:ID>
								</oa:LotIDs>
								<!--Used to show the quantity of an item in the Lot-->
								<oa:Quantity>45</oa:Quantity>
								<!--Multiple serial numbers can be associated with a Lot-->
								<oa:SerialNumber/>
								<oa:SerialNumber/>
							</oa:Lot>
						</oa:SerializedLot>
					</oa:UserArea>
				</oa:Item>
				<oa:Quantity unitCode="VBAP-VRKME">
					<!--VBAP-KWMENG-->0.0</oa:Quantity>
				<oa:UnitPrice>
					<oa:Amount currencyID="USD">
						<!--VBAP-NETPR-->0.0</oa:Amount>
					<oa:PerQuantity>0.0</oa:PerQuantity>
				</oa:UnitPrice>
				<oa:ExtendedAmount currencyID="USD">
					<!--VBAP-NETWR-->0.0</oa:ExtendedAmount>
				<oa:TotalAmount currencyID="AED">0.0</oa:TotalAmount>
				<oa:RequiredDeliveryDateTime>
					<!--VBEP-EDATU Requested delivery date-->1967-08-13</oa:RequiredDeliveryDateTime>
				<oa:TransportationTerm>
					<oa:IncotermsCode name="VBKD-INCO1">VBKD-INCO2</oa:IncotermsCode>
				</oa:TransportationTerm>
				<oa:PaymentTerm>
					<!--Payment Terms can be repeated to show different term conditions.-->
					<oa:Term>
						<oa:ID>VBKD-ZTERM key</oa:ID>
						<oa:Description>VBKD-ZTERM key</oa:Description>
					</oa:Term>
					<oa:Discount>
						<oa:ID>Discount Code</oa:ID>
						<oa:Description>LV70T-LTX01</oa:Description>
						<!--KOMV-KWERT-->
						<oa:Amount currencyID="USD">23</oa:Amount>
					</oa:Discount>
					<oa:Penalty>
						<oa:ID>normalizedString</oa:ID>
						<oa:Description>String</oa:Description>
						<oa:EffectiveDateTime>1967-08-13</oa:EffectiveDateTime>
						<oa:DueDateTime>1967-08-13</oa:DueDateTime>
						<oa:DiscountPercent>0.0</oa:DiscountPercent>
						<oa:ProxMonth>2</oa:ProxMonth>
						<oa:ProxDayOfMonth>01</oa:ProxDayOfMonth>
						<oa:UserArea/>
					</oa:Penalty>
				</oa:PaymentTerm>
				<oa:PaymentTerm>
					<!--Payment Terms can be repeated to show different term conditions.-->
					<oa:Term>
						<oa:ID>VBKD-ZTERM key</oa:ID>
						<oa:Description>VBKD-ZTERM key</oa:Description>
					</oa:Term>
					<oa:Discount>
						<oa:ID>Discount Code</oa:ID>
						<oa:Description>LV70T-LTX01</oa:Description>
						<!--KOMV-KWERT-->
						<oa:Amount currencyID="USD">23</oa:Amount>
					</oa:Discount>
					<oa:Penalty>
						<oa:ID>normalizedString</oa:ID>
						<oa:Description>String</oa:Description>
						<oa:EffectiveDateTime>1967-08-13</oa:EffectiveDateTime>
						<oa:DueDateTime>1967-08-13</oa:DueDateTime>
						<oa:DiscountPercent>0.0</oa:DiscountPercent>
						<oa:ProxMonth>2</oa:ProxMonth>
						<oa:ProxDayOfMonth>01</oa:ProxDayOfMonth>
						<oa:UserArea/>
					</oa:Penalty>
				</oa:PaymentTerm>
				<oa:DistributedTax type="Used for type of Tax">
					<oa:ID>A Tax ID</oa:ID>
					<oa:Calculation>
						<!--KOMV-KEBTR Excise Tax Unit-->
						<oa:RateNumeric>0.0</oa:RateNumeric>
						<oa:Description>String</oa:Description>
						<oa:UserArea/>
					</oa:Calculation>
					<oa:TaxAuthorityAmount currencyID="USD">
						<!--KOMV-KEBTR Excise tax extended-->0.0</oa:TaxAuthorityAmount>
					<oa:Amount currencyID="USD">
						<!--VBAK-MWSBP-->0.0</oa:Amount>
				</oa:DistributedTax>
				<oa:SpecialPriceAuthorizationCode name="KOMV-KEBTR for DOMV-KSCHL=XMAN">Manual Pricing condition text</oa:SpecialPriceAuthorizationCode>
				<oa:PurchaseOrderReference>
					<oa:DocumentID>
						<oa:ID>normalizedString</oa:ID>
						<oa:RevisionID>normalizedString</oa:RevisionID>
						<oa:VariationID>normalizedString</oa:VariationID>
					</oa:DocumentID>
					<oa:AlternateDocumentID>
						<oa:ID>normalizedString</oa:ID>
						<oa:RevisionID>normalizedString</oa:RevisionID>
						<oa:VariationID>normalizedString</oa:VariationID>
					</oa:AlternateDocumentID>
					<oa:DocumentDateTime>1967-08-13</oa:DocumentDateTime>
					<oa:Description>String</oa:Description>
					<oa:Note>String</oa:Note>
					<oa:StatusCode>normalizedString</oa:StatusCode>
					<oa:ReleaseNumber>normalizedString</oa:ReleaseNumber>
					<oa:LineNumber>normalizedString</oa:LineNumber>
					<oa:ScheduleLineNumber>normalizedString</oa:ScheduleLineNumber>
					<oa:SubLineNumber>normalizedString</oa:SubLineNumber>
					<oa:UserArea/>
				</oa:PurchaseOrderReference>
				<oa:SalesOrderSchedule>
					<!--VBAP-NETPR-->
					<oa:Quantity unitCode="Each">0.0</oa:Quantity>
					<oa:RequiredDeliveryDateTime>1967-08-13</oa:RequiredDeliveryDateTime>
					<oa:ReasonCode>normalizedString</oa:ReasonCode>
					<oa:BackOrderIndicator>true</oa:BackOrderIndicator>
					<oa:UserArea>
						<oa:ActualDeliveryDateTime>2007-08-14</oa:ActualDeliveryDateTime>
					</oa:UserArea>
				</oa:SalesOrderSchedule>
				<oa:UserArea>
					<mrk:SalesOrderLineUserArea>
						<mrk:MrkDescription></mrk:MrkDescription>
						<mrk:MrkNote></mrk:MrkNote>
						<mrk:ProductDivision></mrk:ProductDivision>
						<mrk:Rate currencyID="ERN">100</mrk:Rate>
						<mrk:iDocReceivedDateTime>2007-10-10</mrk:iDocReceivedDateTime>
						<mrk:ExtendedAmount currencyID="AZM">100</mrk:ExtendedAmount>
					</mrk:SalesOrderLineUserArea>
					<!--ListPrice???-->
				</oa:UserArea>
			</oa:SalesOrderLine>
		</oa:SalesOrder>
	</oa:DataArea>
</oa:AddSalesOrder>
