<!-- edited with XMLSpy v2007 rel. 3 (http://www.altova.com) by Swati Kulkarni (HCL Technologies Limited) -->
<!--Sample XML file generated by XMLSpy v2007 sp1 (http://www.altova.com)-->
<oa:ShowPaymentStatus releaseID="normalizedString" xmlns:oa="http://www.openapplications.org/oagis/9" xmlns:mrk="http://www.merck.com/oagis/9" xmlns:xsi="http://www.w3.org/2001/XMLSchema-instance" xsi:schemaLocation="http://www.openapplications.org/oagis/9 ../../9.0/BODs/Developer/ShowPaymentStatus.xsd">
	<oa:ApplicationArea>
		<oa:CreationDateTime>1967-08-13</oa:CreationDateTime>
		<oa:BODID>normalizedString</oa:BODID>
	</oa:ApplicationArea>
	<oa:DataArea>
		<oa:Show/>
		<oa:PaymentStatus>
			<oa:PaymentStatusHeader xsi:schemaLocation="http://www.merck.com/oagis/9 ../Resources/Nouns/PaymentStatus.xsd">
				<oa:DocumentReference type="Invoice">
					<oa:DocumentID>
						<!--Invoice (6)-->
						<oa:ID>123</oa:ID>
					</oa:DocumentID>
					<oa:AlternateDocumentID>
						<!--Document Number of Invoice (2)-->
						<oa:ID>Document Number of Invoice (2)</oa:ID>
					</oa:AlternateDocumentID>
					<!--Invoice Document Date (8)-->
					<oa:DocumentDateTime>2007-07-26</oa:DocumentDateTime>
					<!--HeaderText (21)-->
				</oa:DocumentReference>
				<oa:DocumentReference type="PurchaseOrder">
					<oa:DocumentID>
						<!--PO Number (7)-->
						<oa:ID>123</oa:ID>
					</oa:DocumentID>
					<oa:UserArea/>
				</oa:DocumentReference>
				<oa:InitiatingParty>
					<!--Invoice Source System - IMED (10)-->
					<oa:Name>SAP</oa:Name>
				</oa:InitiatingParty>
				<oa:UserArea xsi:schemaLocation="http://www.merck.com/oagis/9 ../Resources/Components/Financial/Components.xsd">
					<mrk:PaymentStatusHeaderUserArea>
						<oa:GLEntityID/>
						<mrk:FiscalYear>2001</mrk:FiscalYear>
						<oa:Allowance/>
						<oa:Tax/>
						<oa:PaymentAmount currencyID="USD">2</oa:PaymentAmount>
						<mrk:PaymentPostingDate>1967-08-13</mrk:PaymentPostingDate>
					</mrk:PaymentStatusHeaderUserArea>
				</oa:UserArea>
			</oa:PaymentStatusHeader>
			<oa:PaymentStatusPayment>
				<!--Payment Method (13)-->
				<oa:FirstAgentPaymentMethodCode>Cheque</oa:FirstAgentPaymentMethodCode>
				<oa:PaymentTransaction>
					<!--Document Number of Payment Document (11)-->
					<oa:TransactionID>12345</oa:TransactionID>
					<!--Total Payment Amount (15)-->
					<oa:InstructedAmount currencyID="AED">
						<!--Transaction currency(14)-->0.0</oa:InstructedAmount>
					<oa:ChequeInstruction>
						<oa:UserArea>
						<mrk:ChequeInstructionUserArea>
							<mrk:ChequePrintingDateTime>1967-08-13</mrk:ChequePrintingDateTime>
							<mrk:ChequeVoidDateTime>1967-08-13</mrk:ChequeVoidDateTime>
						</mrk:ChequeInstructionUserArea>
						</oa:UserArea>
					</oa:ChequeInstruction>
					<oa:CreditorParty>
						<oa:PartyIDs>
							<!--Vendor (4)-->
							<oa:BICID>1234</oa:BICID>
						</oa:PartyIDs>
						<!--Vendor Name (5)-->
						<oa:Name>IMED</oa:Name>
						<oa:Location>
							<oa:Address>
								<oa:StreetName/>
								<oa:PostOfficeBox/>
								<oa:CityName/>
								<oa:CountrySubDivisionCode/>
								<oa:CountryCode/>
								<oa:PostalCode/>
							</oa:Address>
						</oa:Location>
					</oa:CreditorParty>
					<oa:Status>
						<!--PaymentPostingDate (8)-->
						<oa:EffectiveDateTime>1967-08-13</oa:EffectiveDateTime>
						<oa:Reason/>
					</oa:Status>
					<oa:RejectionStatus>
						<!-- PaymentReversalDate (22)-->
						<oa:EffectiveDateTime>1967-08-13</oa:EffectiveDateTime>
						<oa:Reason languageID="en-us">
							<!--Check Void Reason (21)-->rejected</oa:Reason>
					</oa:RejectionStatus>
					<oa:UserArea>
						<mrk:InvoicePostingDateTime>1967-08-13
						</mrk:InvoicePostingDateTime>
					</oa:UserArea>
				</oa:PaymentTransaction>
				<!--Company Code (1)-->
				<!--Fiscal Year (3)-->
			</oa:PaymentStatusPayment>
		</oa:PaymentStatus>
	</oa:DataArea>
</oa:ShowPaymentStatus>
